ALMEMO;BEREICH:;;L840;L840;D2.6;D2.6
5690-2;KOMMENTAR:;;;;;
SD3.12;GW-MAX:;;;;;
BLAS180E.001;GW-MIN:;;;;;
DATUM:;ZEIT:;;M01: ms;M02: ms;M11: Pa;M12: Pa
04.08.2023;14:38:50;;12,7;10,1;92,2;53,1
;14:38:51;;13,3;10,2;97,5;36,1
;14:38:52;;12,8;10,1;87,7;69,2
;14:38:53;;12,6;9,6;90,2;69,4
;14:38:54;;12,7;9,1;99,5;58,6
;14:38:55;;12,6;10,6;99,2;22,6
;14:38:56;;12,9;10,2;95,2;43,4
;14:38:57;;12,6;8,9;95,9;55,3
;14:38:58;;12,9;10,1;96,6;48,6
;14:38:59;;12,8;8,8;108,5;64,2
;14:39:00;;13,1;7,3;94,5;78,7
;14:39:01;;12,6;9,2;96,8;71,2
;14:39:02;;13,1;6,9;96,7;55,2
;14:39:03;;13,2;8,1;98,8;69,1
;14:39:04;;12,6;9,9;98,7;57,2
;14:39:05;;13,2;10,8;100,7;22,5
;14:39:06;;13;8,7;97,7;64
;14:39:07;;12,7;10,1;90,3;67
;14:39:08;;12,9;8,5;97,1;33
;14:39:09;;12,5;8,2;91,5;55
;14:39:10;;12,3;8,4;96,6;51,3
;14:39:11;;12,5;9,7;93,4;59,7
;14:39:12;;12,7;9,4;95,7;57,3
;14:39:13;;12,7;9,5;94,8;31,3
;14:39:14;;12,9;8,9;99,2;63,2
;14:39:15;;12,6;11,1;97;41,5
;14:39:16;;12,8;9;100,4;52,2
;14:39:17;;13;7,3;101,7;50
;14:39:18;;13,1;11;89,4;40,6
;14:39:19;;12,3;9,6;98,6;38,9
;14:39:20;;13,2;7,6;90,9;41,6
;14:39:21;;12,7;10;104,8;17,1
;14:39:22;;12,6;9,5;100;43,7
;14:39:23;;13;11,4;86;70,9
;14:39:24;;12,5;10,3;101,6;36,2
;14:39:25;;12,4;11,2;97,5;64,3
;14:39:26;;13,3;9,4;92,8;34,3
;14:39:27;;13,1;8;100,3;46,5
;14:39:28;;12,7;9,4;90;42
;14:39:29;;12,3;8,4;96,8;82,9
;14:39:30;;13;9,6;99,3;31,5
;14:39:31;;12,9;10,6;99,7;46,5
;14:39:32;;12,9;7,3;91,5;39,1
;14:39:33;;12,8;10,2;101,9;49,1
;14:39:34;;12,6;11,4;100,5;40,2
;14:39:35;;13,3;10;109,1;40,3
;14:39:36;;12,8;9;99,8;36,2
;14:39:37;;12,9;4,5;84,2;58,1
;14:39:38;;13,2;9,8;92;54,6
;14:39:39;;12,5;10,5;98,8;57,5
;14:39:40;;12,8;9,5;91,1;38,7
;14:39:41;;12,9;9,6;100,6;44,4
;14:39:42;;13,1;6,1;95,8;62,3
;14:39:43;;12,7;10,6;103,1;38,7
;14:39:44;;12,8;8,8;98,4;46,4
;14:39:45;;12,4;8,5;101,8;54
;14:39:46;;12,5;8,8;95,8;42,8
;14:39:47;;12,8;8,2;101,8;76,4
;14:39:48;;12,5;9,9;97,4;34,3
;14:39:49;;12,7;10,9;98,8;34,1
;14:39:50;;12,5;7,8;101,4;58,6
;14:39:51;;13;10,5;94,7;63,4
;14:39:52;;13,3;9;98,4;54,4
;14:39:53;;12,6;7,2;96,6;62
;14:39:54;;13,2;9,6;94,6;33
;14:39:55;;13;8,9;95,3;28,4
;14:39:56;;12,8;9,9;93,3;48,8
;14:39:57;;12,8;7,9;100,4;28,8
;14:39:58;;13,1;6,2;95,3;64,8
;14:39:59;;13,1;7,9;96,7;51,1
;14:40:00;;13;8,2;101,9;42,7
;14:40:01;;12,9;10,7;92,2;33,2
;14:40:02;;12,7;9,3;95,6;40,2
;14:40:03;;12,5;7,8;96,9;40,7
;14:40:04;;13;7,6;96,2;63,4
;14:40:05;;12,6;9,2;93,7;34,8
;14:40:06;;13;7,9;97,5;69,5
;14:40:07;;12,7;11,2;91,5;34,4
;14:40:08;;13,1;9;97,2;27,9
;14:40:09;;13,3;9,8;101,5;42,4
;14:40:10;;13,1;9,6;100,6;39,4
;14:40:11;;13,1;7;93,9;60,6
;14:40:12;;13,2;7,3;97,5;51,7
;14:40:13;;12,9;7,7;93,3;45,5
;14:40:14;;12,8;10,7;100,3;37,2
;14:40:15;;12,7;9,5;98,3;80,4
;14:40:16;;12,9;10,3;100,3;25,1
;14:40:17;;13,2;11,4;98,6;62,6
;14:40:18;;13;9;98,9;52,3
;14:40:19;;12,2;11;95,8;53,8
;14:40:20;;13;11,7;102,5;62,1
;14:40:21;;12,9;6,4;93,3;66,1
;14:40:22;;12,7;11,3;97,4;52,8
;14:40:23;;12,7;9,4;94,5;47,2
;14:40:24;;12,7;8,8;96,7;46,8
;14:40:25;;12,7;8,4;88,6;44,8
;14:40:26;;12,6;11,3;100,4;71,8
;14:40:27;;13,3;10,1;94,3;61,7
;14:40:28;;12,7;9,8;99,4;45,6
;14:40:29;;12,8;10,2;99,6;57,4
;14:40:30;;12,8;9,5;94,7;41,9
;14:40:31;;12,4;9,9;101,8;48,6
;14:40:32;;12,7;7,3;100,9;77,1
;14:40:33;;12,9;7,5;90,1;28,8
;14:40:34;;12,6;9,1;98,6;68,4
;14:40:35;;13,1;8,7;95,4;61,7
;14:40:36;;12,7;11,5;102,2;62,7
;14:40:37;;12,7;8,8;98,8;67,1
;14:40:38;;13,1;9,2;99,3;88
;14:40:39;;13,1;9,5;96,2;78,9
;14:40:40;;12,9;8;85,8;63
;14:40:41;;13,2;10,5;102,8;40,8
;14:40:42;;12,3;10,5;106,2;51,4
;14:40:43;;12,2;11,2;92,2;63,9
;14:40:44;;12,7;7,7;91,9;58,5
;14:40:45;;12,5;9,3;101,6;19,8
;14:40:46;;12,4;10,1;91,3;59,2
;14:40:47;;12,8;10,4;102,2;24,7
;14:40:48;;12,6;10,2;94,7;52,2
;14:40:49;;12,5;8,1;94,7;48,3
;14:40:50;;12,6;9,4;100,6;37,3
;14:40:51;;13;9,6;95,1;57,3
;14:40:52;;13,4;10,2;108,9;38,3
;14:40:53;;12,8;8,7;103;44,8
;14:40:54;;12,4;11,3;101,8;53,4
;14:40:55;;12,6;7,6;96,4;61
;14:40:56;;13,2;10,2;94,9;57,5
;14:40:57;;12,5;10,3;95;37,6
;14:40:58;;13,2;9,2;95,6;36,6
;14:40:59;;12,7;9,4;100,9;44,3
;14:41:00;;12,8;8,6;90,8;76,8
;14:41:01;;13,3;9,7;94,5;48,2
;14:41:02;;12,6;8,1;94,3;53,3
;14:41:03;;12,7;9,2;97,6;49,7
;14:41:04;;12,8;9;98,9;52,6
;14:41:05;;12,5;9;94,7;51,1
;14:41:06;;12,7;10;93,6;40,9
;14:41:07;;12,7;10,1;96,4;33,1
;14:41:08;;13,2;8,6;103,2;35,3
;14:41:09;;12,6;9,5;102,2;54
;14:41:10;;12,9;8,6;95,6;66
;14:41:11;;12,8;10,6;98,2;47,9
;14:41:12;;13,4;9,8;97,2;38
;14:41:13;;12,8;10,8;99,6;39,6
;14:41:14;;12,9;8,1;89,4;64,5
;14:41:15;;12,7;6,7;97,7;49,5
;14:41:16;;13,1;10;95,3;78,7
;14:41:17;;12,2;7,1;95,2;52,1
;14:41:18;;12,5;8,4;89,7;88,5
;14:41:19;;13;10,3;102,8;50,6
;14:41:20;;12,8;10,8;101,9;60,7
;14:41:21;;13,4;8,6;92,5;61,7
;14:41:22;;13;8,1;94,5;35,7
;14:41:23;;12,3;8,6;105,3;15,7
;14:41:24;;12,8;8,8;100,7;54,3
;14:41:25;;12,7;9,7;90,5;65,7
;14:41:26;;12,7;9,7;97,6;29,7
;14:41:27;;12,9;8,2;99;49,2
;14:41:28;;12,7;10,6;90,4;34,3
;14:41:29;;12,7;9,2;90,3;44,9
;14:41:30;;12,5;8,5;96,2;63,2
;14:41:31;;12,6;10,4;98,2;21,4
;14:41:32;;12,8;9,6;92,5;52,6
;14:41:33;;12,9;8,4;93;51,4
;14:41:34;;12,9;9,6;95,8;52,1
;14:41:35;;12,9;8,1;93;71,8
;14:41:36;;12,6;11;93,9;70,9
;14:41:37;;12,7;9;100;63,9
;14:41:38;;12,7;8,5;99,5;34
;14:41:39;;12,8;10,2;100,9;63,2
;14:41:40;;13;7,5;101,3;56,6
;14:41:41;;13;8,6;104,1;48,9
;14:41:42;;12,7;6,7;96,1;27,2
;14:41:43;;12,6;9,8;93,3;65
;14:41:44;;12,7;11,1;93;42,4
;14:41:45;;12,8;9,2;91,1;43
;14:41:46;;12,6;10,3;98,7;53,3
;14:41:47;;12,4;10,7;91,9;31,9
;14:41:48;;12,8;7,5;97,3;39,4
;14:41:49;;12,6;10,9;97,7;44,4
;14:41:50;;13,2;4,7;99,2;52
;14:41:51;;12,8;11;96,6;22,6
;14:41:52;;12,6;9,3;99,2;43,8
;14:41:53;;13,2;8,5;91,3;63,5
;14:41:54;;12,7;9,9;98,3;25,1
;14:41:55;;12,6;10,8;91,8;55,2
;14:41:56;;12,6;9,8;96,6;32,3
;14:41:57;;13,2;9,4;104,1;38,8
;14:41:58;;12,7;10,1;98,9;53,5
;14:41:59;;13,2;7,9;93,5;44,9
;14:42:00;;13,1;10,2;95,4;64,5
;14:42:01;;13;8;98,6;43,2
;14:42:02;;12,8;9,7;94,5;56,5
;14:42:03;;12,5;7,1;94,5;57,8
;14:42:04;;12,5;10,5;98,4;38,1
;14:42:05;;12,9;9,7;95,5;51,3
;14:42:06;;12,7;11,9;95,1;73,2
;14:42:07;;12,9;9,6;95,1;33,8
;14:42:08;;12,6;7,9;96,9;65,5
;14:42:09;;12,3;8,8;92,9;67,9
;14:42:10;;12,4;8,8;90,3;33,1
;14:42:11;;12,5;9;101,4;56,2
;14:42:12;;13;11;92,4;50,7
;14:42:13;;12,9;9,8;96,5;65,9
;14:42:14;;13;10,3;96,6;56,7
;14:42:15;;13,3;3,8;97,3;71,5
;14:42:16;;12,8;10,1;100,4;49,5
;14:42:17;;13,1;7;103;44,3
;14:42:18;;12,8;11,5;96,4;60,4
;14:42:19;;12,7;8,5;105,8;50,2
;14:42:20;;12,6;8,7;93,6;53,9
;14:42:21;;12,6;9,5;99,1;38,4
;14:42:22;;12,4;11,5;100,1;28,3
;14:42:23;;12,5;9,7;100;44,7
;14:42:24;;12,8;9,5;96,9;54,3
;14:42:25;;12,6;10,6;95,1;68
;14:42:26;;12,8;9,8;99,9;46,1
;14:42:27;;12,8;7,8;93,8;94,8
;14:42:28;;12,9;10,8;95;30,9
;14:42:29;;13;10,4;87,7;37,4
;14:42:30;;12,9;10;99,8;53,5
;14:42:31;;13,4;6,3;93,5;45,8
;14:42:32;;13;10,3;94,9;50,9
;14:42:33;;13;8,9;99,2;45,1
;14:42:34;;12,9;11,2;96,5;44,2
;14:42:35;;12,7;9,3;95;39,6
;14:42:36;;13;6,8;101,4;41,5
;14:42:37;;13,5;9,2;93,6;23,8
;14:42:38;;13,3;9,3;97,3;52,8
;14:42:39;;13;8,7;101,5;61,6
;14:42:40;;13;8,3;103,1;61,2
;14:42:41;;12,8;7,6;99;41,8
;14:42:42;;12,9;7,5;104,4;76,1
;14:42:43;;12,7;7,9;98,1;82,7
;14:42:44;;12,7;9,7;96,7;70,6
;14:42:45;;12,9;8,4;95,9;46,7
;14:42:46;;12,9;9,8;102,1;52,9
;14:42:47;;12,8;12,4;99,7;53,9
;14:42:48;;12,5;5,6;92,7;42,6
;14:42:49;;13;7,8;91,1;32
;14:42:50;;12,7;8,8;95,6;37,9
;14:42:51;;12,7;9,6;88,8;30,6
;14:42:52;;12,2;9,8;97,6;72,5
;14:42:53;;13,5;11,8;99,8;32,4
;14:42:54;;12,3;9,1;98,6;58,8
;14:42:55;;12,8;9,8;96,6;38,5
;14:42:56;;12,8;9,4;89,2;36,2
;14:42:57;;12,5;9,6;95,8;62,6
;14:42:58;;12,6;9,9;92,4;78,9
;14:42:59;;12,8;8,5;93,6;65
;14:43:00;;12,7;9,2;102,3;32,5
;14:43:01;;12,8;7,8;90,9;53,3
;14:43:02;;12,7;7,8;98,3;59,6
;14:43:03;;12,2;10,6;95,8;58,6
;14:43:04;;13;6,1;95,1;39,5
;14:43:05;;13,1;8,2;99,1;53,7
;14:43:06;;12,9;7,7;93,9;61,8
;14:43:07;;13,2;8,2;95,3;60,8
;14:43:08;;12,8;9,5;102,7;54,1
;14:43:09;;13,2;10,3;100,6;60,8
;14:43:10;;12,7;10,5;102,7;38,2
;14:43:11;;13,1;10;98,2;21
;14:43:12;;12,9;9,5;96;57,3
;14:43:13;;12,3;11,3;100,6;54,6
;14:43:14;;13,1;11,8;104,1;63,7
;14:43:15;;13,2;8,3;99,8;65
;14:43:16;;12,7;10,3;96,9;37,4
;14:43:17;;12,4;11,1;98,3;79,1
;14:43:18;;12,3;12,1;94,7;58,8
;14:43:19;;13;9,2;97,2;51,3
;14:43:20;;12,5;11,1;96,7;57,8
;14:43:21;;13,2;10,3;100,9;62
;14:43:22;;12,8;6,5;89,8;49,1
;14:43:23;;12,5;11;90,1;54,3
;14:43:24;;12,7;9,4;103,9;35,9
;14:43:25;;12,9;7,9;93,4;34,2
;14:43:26;;13,3;9,1;104;58
;14:43:27;;12,6;9,4;96,7;63,9
;14:43:28;;12,5;11,7;92,3;47,8
;14:43:29;;13,2;9,6;92,8;57,8
;14:43:30;;12,7;9,6;95,8;47,8
;14:43:31;;12,7;8,4;101;50
;14:43:32;;13;10,4;91,7;58,5
;14:43:33;;13,2;8,6;95,6;66,3
;14:43:34;;12,4;9,2;93,6;64,6
;14:43:35;;12,6;9,2;101,7;45,9
;14:43:36;;12,7;8,5;94,5;55,1
;14:43:37;;12,3;8,2;103,6;30,8
;14:43:38;;12,8;8;90;37,3
;14:43:39;;12,8;11;98,9;37,8
;14:43:40;;12,7;9,6;93,8;52,8
;14:43:41;;12,5;9,9;104,4;54,2
;14:43:42;;12,7;8,8;93,2;56
;14:43:43;;12,8;10,4;98,5;47,3
;14:43:44;;12,5;10,2;94,2;42,7
;14:43:45;;13;9,7;91,4;57,4
;14:43:46;;12,7;9,4;102,7;51,8
;14:43:47;;12,7;11,2;90;78,9
;14:43:48;;12,7;10,6;98,1;66,6
;14:43:49;;12,8;9,2;102;56,3
;14:43:50;;12,5;8,9;99,9;54,5
;14:43:51;;12,7;9,9;85,2;52,1
;14:43:52;;12,9;8,4;88,6;67
;14:43:53;;13,1;10,3;98,5;45,8
;14:43:54;;12,8;8,7;97,5;40,2
;14:43:55;;12,7;10,5;104,1;40,3
;14:43:56;;12,7;5,6;94,5;25,6
;14:43:57;;12,6;9,6;98,6;45,4
;14:43:58;;13;9,6;101,9;78,1
;14:43:59;;13,2;9,8;97;32,6
;14:44:00;;12,2;10,1;97,2;53,8
;14:44:01;;12,7;7,6;96,6;50,9
;14:44:02;;12,9;7,5;97,3;67
;14:44:03;;12,5;10,6;98;47,2
;14:44:04;;12,9;8;96,6;39,3
;14:44:05;;12,8;8;95,9;64
;14:44:06;;12,9;9,6;95;26,6
;14:44:07;;13;11,5;94,5;68,7
;14:44:08;;12,9;11,3;94,5;39,2
;14:44:09;;12,9;9,3;92,6;32,9
;14:44:10;;13,3;11,5;100;40,4
;14:44:11;;13,3;10;106,2;28,5
;14:44:12;;12,8;9,3;98,8;54,2
;14:44:13;;12,8;7;98;59,5
;14:44:14;;12,8;9,9;91,5;86,6
;14:44:15;;13,1;9,6;99,5;51,1
;14:44:16;;12,7;10,2;99,2;44,8
;14:44:17;;12,4;9,3;96,7;65,3
;14:44:18;;12,9;10,7;93,9;40,1
;14:44:19;;12,7;8,6;96,2;58,1
;14:44:20;;12,9;8,4;98,5;55,2
;14:44:21;;12,7;9,9;93,1;44,9
;14:44:22;;12,7;9,7;98,5;34,1
;14:44:23;;12,8;7,1;96,5;60,8
;14:44:24;;12,9;9,7;91,3;61,5
;14:44:25;;12,9;9;89;38,6
;14:44:26;;13,2;9,9;93,4;53,2
;14:44:27;;13;10;98,8;25,8
;14:44:28;;12,8;8;99,1;55,3
;14:44:29;;12,8;9,6;85,7;72,7
;14:44:30;;12,5;10,4;99,2;28,5
;14:44:31;;13;7,8;89,4;57,7
;14:44:32;;12,6;9,4;97,6;54,5
;14:44:33;;12,8;8,6;97,2;44,1
;14:44:34;;13;8,1;97,2;60,5
;14:44:35;;12,8;9,9;98,3;47,8
;14:44:36;;12,6;9,9;103,6;42,2
;14:44:37;;12,7;2,7;102;56,7
;14:44:38;;12,7;10,3;106,2;38,8
;14:44:39;;12,8;10,6;93,9;66,2
;14:44:40;;12,6;8,8;97,1;27,4
;14:44:41;;12,5;9,9;94,5;62,3
;14:44:42;;13,3;8,1;96,6;34,9
;14:44:43;;12,7;8,5;97,7;62,6
;14:44:44;;12,7;10,1;101,6;52,2
;14:44:45;;12,7;7,6;97,3;56,5
;14:44:46;;12,8;9,5;98,9;72,6
;14:44:47;;12,9;9;97,7;21
;14:44:48;;12,5;9,4;103,1;57,2
;14:44:49;;13;5,5;96,2;77
;14:44:50;;12,5;10,3;94,4;69,7
;14:44:51;;12,9;9,1;105,3;93,3
;14:44:52;;12,6;9,5;92,2;46,1
;14:44:53;;12,9;7,9;93,4;56,4
;14:44:54;;12,8;10,3;89;54,4
;14:44:55;;13;8,1;102,9;63,4
;14:44:56;;12,7;10,4;99,5;52,2
;14:44:57;;12,6;7,6;87,3;86,6
;14:44:58;;12,8;5,5;93,2;52,8
;14:44:59;;13;9;97,3;51,5
;14:45:00;;13,2;7,4;94,5;69
;14:45:01;;12,5;9,7;99,8;42,2
;14:45:02;;12,8;10,6;91,9;74
;14:45:03;;11,9;11;99;50,5
;14:45:04;;12,9;10,2;103,7;36,4
;14:45:05;;12,4;10,2;104,1;32,4
;14:45:06;;12,6;6,8;97,2;63,8
;14:45:07;;13;7,4;97,2;36,3
;14:45:08;;12,8;10,5;103;54,2
;14:45:09;;12,9;8;93,8;50,7
;14:45:10;;13,2;9;100,6;28,2
;14:45:11;;12,3;10,8;100,1;70,8
;14:45:12;;12,9;10,5;98,7;34,7
;14:45:13;;12,6;10,5;87;57,6
;14:45:14;;12,5;11,2;101,8;24
;14:45:15;;12,8;9,5;97,1;35,8
;14:45:16;;12;7,8;91,6;38
;14:45:17;;12,8;8,3;92,4;67,2
;14:45:18;;12,9;9,4;96,7;64,8
;14:45:19;;13,5;9,3;100,2;93,5
;14:45:20;;13;7,6;92,7;82,5
;14:45:21;;12,9;9,6;95,6;42,6
;14:45:22;;12,6;8,9;93,4;67
;14:45:23;;13,2;8,3;94,3;59,4
;14:45:24;;13;7,5;96,1;64,1
;14:45:25;;13;10,2;90,5;51,7
;14:45:26;;12,9;9,4;94,6;65,3
;14:45:27;;12,7;8,5;102,8;44,6
;14:45:28;;12,6;11;99,8;68
;14:45:29;;12,5;8,6;98,4;47,3
;14:45:30;;12,7;9,9;91,6;48,3
;14:45:31;;12,5;9,4;92,3;87,8
;14:45:32;;13,1;8,5;91,9;54,3
;14:45:33;;12,8;8;97,5;59,6
;14:45:34;;12,3;9,1;98;50,7
;14:45:35;;12,8;9,8;90;23,6
;14:45:36;;12,4;12,4;93,7;50
;14:45:37;;12,8;9,6;98,8;79,7
;14:45:38;;12,7;6,4;99,1;59,5
;14:45:39;;12,3;9,5;103;65,7
;14:45:40;;12,5;8,7;97,7;43,8
;14:45:41;;12,8;9;101,7;54,3
;14:45:42;;12,5;10;93,1;41,4
;14:45:43;;12,7;10,1;101,4;57,3
;14:45:44;;12,8;11,4;98,2;47,2
;14:45:45;;12,9;10,6;90;69,4
;14:45:46;;12,4;9,3;99,8;41,8
;14:45:47;;12,3;10,3;101,1;45,8
;14:45:48;;12,5;9,8;96,6;22,7
;14:45:49;;12,9;9,3;96,6;71
;14:45:50;;12,7;7,4;90,3;63,8
;14:45:51;;12,6;9,8;100;32,1
;14:45:52;;12,3;11,4;100,3;84,2
;14:45:53;;13;9;96,4;63,7
;14:45:54;;12,6;10,5;101,9;27,2
;14:45:55;;12,5;11,6;93,6;26,8
;14:45:56;;12,8;9,6;93,3;66,3
;14:45:57;;12,4;11,2;101,4;40,1
;14:45:58;;12,4;10,2;88,7;67
;14:45:59;;12,5;7,5;94;36,1
;14:46:00;;12,7;8,6;95,3;43,3
;14:46:01;;12,7;11,2;94,8;76,1
;14:46:02;;12,5;11,1;86;51,9
;14:46:03;;12,7;12,7;104,1;40,5
;14:46:04;;13,1;10,1;96,6;34,7
;14:46:05;;12,5;7,4;106,8;25,7
;14:46:06;;13,5;8,6;99,6;60
;14:46:07;;12,8;12,3;96,5;42,4
;14:46:08;;12,8;9,5;97,7;59,1
;14:46:09;;12,9;7,7;94,5;48,6
;14:46:10;;13;10,6;97,8;28,5
;14:46:11;;13,1;9,5;99,8;41,4
;14:46:12;;12,6;7,8;101,6;35,2
;14:46:13;;12,7;6,5;93,6;76,6
;14:46:14;;12,7;9,8;101,7;35,3
;14:46:15;;13;10,1;95,6;60,6
;14:46:16;;12,7;9,8;92;35,4
;14:46:17;;12,7;8,1;96,7;57,4
;14:46:18;;12,8;10;91,9;70,1
;14:46:19;;12,8;7,3;96,3;49,1
;14:46:20;;13,4;8,2;95,6;49,3
;14:46:21;;12,8;6,2;101,7;54,7
;14:46:22;;12,7;10,4;94;54,7
;14:46:23;;12,8;7,9;98,6;41,6
;14:46:24;;13;11,1;96,1;40,8
;14:46:25;;12,7;10,9;95;40,6
;14:46:26;;13;6,5;90;73,8
;14:46:27;;12,2;10,6;96,6;66,6
;14:46:28;;12,9;11,3;92,7;36,6
;14:46:29;;12,3;4;91,7;66,2
;14:46:30;;13,2;8,8;94,7;46,8
;14:46:31;;12,3;10,8;98,5;62
;14:46:32;;12,9;10,2;101;62,8
;14:46:33;;12,7;9,7;97,7;64
;14:46:34;;13,1;9,5;95,4;62
;14:46:35;;12,7;9,1;106;52,1
;14:46:36;;12,8;10,6;104,2;37,7
;14:46:37;;12,6;11,4;96,9;77,9
;14:46:38;;12,2;10;97,5;40,4
;14:46:39;;12,4;9,8;104,8;35,2
;14:46:40;;12,8;7,9;91,6;35,8
;14:46:41;;12,8;8,5;97,4;51,7
;14:46:42;;12,8;9;96,1;36,6
;14:46:43;;12,5;9,9;99,1;51,7
;14:46:44;;12,6;9,2;96,6;20,1
;14:46:45;;12,5;7,2;96,6;55,3
;14:46:46;;13,1;9,4;99,1;30,7
;14:46:47;;13;9,2;100,9;74,2
;14:46:48;;13;5,7;98,9;41,3
;14:46:49;;12,8;10,3;96,4;63,3
;14:46:50;;12,5;8,3;103,3;46,1
;14:46:51;;13;9,3;97,8;33,7
;14:46:52;;13,5;8,1;95,3;28,8
;14:46:53;;12,7;7,8;94,7;37,7
;14:46:54;;12,4;8,7;97,5;36,6
;14:46:55;;12,7;8;104,7;54,8
;14:46:56;;13,1;8,7;95;22,1
;14:46:57;;13,4;7,2;94,4;36,3
;14:46:58;;12,3;8,1;97,4;49,8
;14:46:59;;12,6;9;101,1;64,5
;14:47:00;;12,3;10,8;95;39,7
;14:47:01;;13,2;8,3;89,4;49,4
;14:47:02;;12,6;9,8;97,2;28,8
;14:47:03;;12,5;9,4;99,8;52,4
;14:47:04;;12,2;11,1;103,4;36,9
;14:47:05;;12,8;10,8;93,9;50,3
;14:47:06;;13;9,7;100;55,5
;14:47:07;;13,1;9,1;98,9;43,3
;14:47:08;;13,4;9,1;93,4;47,9
;14:47:09;;12,7;7,8;96,5;51,7
;14:47:10;;13;9,7;92,4;42
;14:47:11;;12,6;6,8;98,6;38,8
;14:47:12;;12,3;8,8;92,1;30,1
;14:47:13;;13,1;10,9;98;41,8
;14:47:14;;12,5;9,5;95,3;46,7
;14:47:15;;12,7;10;88;64,8
;14:47:16;;13,3;8,5;92,7;68,6
;14:47:17;;12,7;10;92,1;42,3
;14:47:18;;13;9;92,2;56,3
;14:47:19;;13;9,2;96,7;67,6
;14:47:20;;13,1;10,1;98;54,2
;14:47:21;;13;10,9;95,9;75,6
;14:47:22;;13,1;8,4;104,1;38
;14:47:23;;12,8;10;98,3;62
;14:47:24;;12,8;10,1;96,7;66,8
;14:47:25;;12,8;9,7;104,9;61,7
;14:47:26;;12,8;10,4;100,1;61,5
;14:47:27;;13,2;7,2;96,9;62,3
;14:47:28;;12,9;9,1;94,8;28,4
;14:47:29;;12,6;9,9;98,6;45,2
;14:47:30;;12,6;8,6;98,5;47,3
;14:47:31;;12,4;11,6;97,4;58,4
;14:47:32;;12,7;8,6;92,4;38,1
;14:47:33;;13,3;10,8;103,9;40,6
;14:47:34;;12,6;9,4;97,1;30,1
;14:47:35;;12,9;7;93,4;63,2
;14:47:36;;12,8;9,1;103,3;41,9
;14:47:37;;12,9;7,3;91,9;61,5
;14:47:38;;12,8;9,9;93,4;52,2
;14:47:39;;12,4;9,7;93,1;75,7
;14:47:40;;12,7;8,5;96,5;57,8
;14:47:41;;12,5;7,7;97,9;54,6
;14:47:42;;12,8;8,9;97,7;61,7
;14:47:43;;12,6;7,7;96;48,7
;14:47:44;;13,3;10,9;103;46,8
;14:47:45;;12,5;8,9;90;61,9
;14:47:46;;13;9,6;96,6;23,1
;14:47:47;;13;7;91,2;39,1
;14:47:48;;12,2;7,7;95,5;24,5
;14:47:49;;12,8;9,4;99,2;73,2
;14:47:50;;12,7;8,2;95;49,5
;14:47:51;;12,7;9,1;96,6;78,2
;14:47:52;;12,8;10,8;95,6;46
;14:47:53;;12,7;9,1;102,4;65,9
;14:47:54;;13;11,1;95,3;53
;14:47:55;;12,7;11,2;101,6;63,7
;14:47:56;;13,4;9;97,7;56,4
;14:47:57;;12,6;10,1;94,4;44,6
;14:47:58;;12,8;10;97,7;33,3
;14:47:59;;12,8;8;101,5;51,3
;14:48:00;;13,2;9,3;99,1;84,6
;14:48:01;;12,8;8,7;94,7;48,9
;14:48:02;;12,7;11,4;96,8;70,5
;14:48:03;;12,5;11,6;94,2;54,7
;14:48:04;;13,1;10,9;89,6;59
;14:48:05;;12,8;10,5;91,7;70,4
;14:48:06;;12,9;7,4;97,6;62,7
;14:48:07;;12,9;9,2;96,7;47,8
;14:48:08;;12,6;8,1;100,9;40,5
;14:48:09;;12,7;10,2;92,4;52,6
;14:48:10;;12,6;9,7;99,9;34,9
;14:48:11;;13,3;10,9;94;48,4
;14:48:12;;12,3;9,9;91,1;64,9
;14:48:13;;12,7;9;100,5;41,3
;14:48:14;;12,3;6,6;97,6;52,5
;14:48:15;;12,5;9,2;97,9;46,2
;14:48:16;;12,6;6,4;103;66,5
;14:48:17;;12,7;11,2;90,5;47,3
;14:48:18;;12;10,8;94;74,4
;14:48:19;;13,2;7,6;88,9;51,9
;14:48:20;;12,7;10,9;98,3;50
;14:48:21;;12,9;7,7;96,1;54,6
;14:48:22;;12,8;10;95,9;45
;14:48:23;;12,6;8,2;93,4;37,4
;14:48:24;;13,3;5,3;102,8;30,4
;14:48:25;;12,8;10,8;96,9;35,2
;14:48:26;;12,6;6,7;102,3;58,1
;14:48:27;;12,3;11,8;93,8;69,2
;14:48:28;;12,9;9,9;96,4;54,2
;14:48:29;;12,6;9,3;104,5;43,7
;14:48:30;;12,8;9;96,2;59
;14:48:31;;12,8;10,2;101;68,7
;14:48:32;;13,2;8,2;100,2;50,5
;14:48:33;;12,2;8,6;103,2;51,7
;14:48:34;;13;10;93,5;54
;14:48:35;;13,1;9,6;90,4;60,6
;14:48:36;;12,9;8,5;94,6;49,7
;14:48:37;;12,9;9,3;102,5;46,4
;14:48:38;;12,9;11,6;98,9;54,2
;14:48:39;;12,9;7,4;101,1;36,2
;14:48:40;;12,8;11,5;96,9;51,1
;14:48:41;;12,9;9,5;100,5;42
;14:48:42;;12,7;10,3;96,5;80
;14:48:43;;12,6;7,2;102,5;77,1
;14:48:44;;13;8;92,7;69,2
;14:48:45;;13;7,6;101,2;58,5
;14:48:46;;13,2;9,7;95,4;91,6
;14:48:47;;12,8;8,2;99,9;63,7
;14:48:48;;13,2;7,2;93;53,9
;14:48:49;;13,1;10,4;94,5;39,6
;14:48:50;;13;9,7;91,2;55,3
;14:48:51;;12,4;10,2;98,8;37,9
;14:48:52;;12,7;9,9;93;79,6
;14:48:53;;12,4;10,1;95,3;35,8
;14:48:54;;12,5;7,8;96,5;43,3
;14:48:55;;12,2;9,9;96,3;50,2
;14:48:56;;12,6;9,8;98,2;52
;14:48:57;;13,3;10,1;94,2;59,5
;14:48:58;;12,6;10,5;94,5;63,8
;14:48:59;;12,7;10,6;106,5;40,7
;14:49:00;;13,1;9,1;100,4;61,7
;14:49:01;;12,3;9,9;97,9;48,6
;14:49:02;;12,8;9,5;102,3;39,9
;14:49:03;;13,2;9,2;95,8;60,2
;14:49:04;;13,3;11,4;97,1;36,5
;14:49:05;;12,9;7,7;103,9;59,6
;14:49:06;;13;7,9;98,9;61,2
;14:49:07;;12,3;9,5;104,2;48,9
;14:49:08;;12,6;8;97,5;66,8
;14:49:09;;13,2;7,4;93,4;67,3
;14:49:10;;13;9,6;96,6;33,8
;14:49:11;;12,8;8,5;101,4;72,3
;14:49:12;;13,1;11,1;94,3;49,1
;14:49:13;;12,8;8,1;101,9;76
;14:49:14;;12,8;7,2;96,4;50,8
;14:49:15;;12,7;11;101,9;54,2
;14:49:16;;12,8;10,7;96,2;26,6
;14:49:17;;13,1;9,9;100,6;41,6
;14:49:18;;12,7;10,5;101,8;38,7
;14:49:19;;12,8;8,1;91,3;59,1
;14:49:20;;13,1;9,8;96;70,6
;14:49:21;;12,3;10;101,8;48
;14:49:22;;13,2;9,5;91,3;57,3
;14:49:23;;12,7;8;91,3;65,9
;14:49:24;;12,9;8,3;93,6;72,7
;14:49:25;;12,6;9,6;97,2;65,3
;14:49:26;;12,8;7,7;97;54
;14:49:27;;12,8;9,5;94,2;30,1
;14:49:28;;13;10,2;101,8;40,8
;14:49:29;;12,7;8,3;96,7;49,7
;14:49:30;;12,6;10,1;98,4;57,7
;14:49:31;;12,7;10;105;48,1
;14:49:32;;12,8;9,2;98;68,9
;14:49:33;;13;6,3;100,9;41,8
;14:49:34;;12,6;7,2;96,9;48,1
;14:49:35;;12,5;8,4;98,9;55,2
;14:49:36;;12,4;11,2;97,2;27,1
;14:49:37;;12,5;11,2;107;35,6
;14:49:38;;13,2;10,5;94,5;58,2
;14:49:39;;12,8;10,9;99,2;31,1
;14:49:40;;13,1;9,3;96,1;64
;14:49:41;;12,8;8,8;106,5;22,5
;14:49:42;;12,9;7,7;95,8;59,5
;14:49:43;;12,2;11,7;92,5;33,8
;14:49:44;;12,9;8,4;98,9;55,3
;14:49:45;;13,3;8,9;91,9;81,3
;14:49:46;;12,7;10,3;98,3;47,9
;14:49:47;;12,9;10,3;93,9;60,9
;14:49:48;;12,9;8,1;94,1;42,7
;14:49:49;;12,7;9,2;98,8;56,7
;14:49:50;;12,2;9,5;96,6;56,4
;14:49:51;;12,2;11,1;95,6;68,7
;14:49:52;;12,6;10,4;96,8;47,1
;14:49:53;;13;9,8;101,4;69,2
;14:49:54;;12,7;6;100,5;80,7
;14:49:55;;12,8;11,1;96,4;54,9
;14:49:56;;12,6;10,2;88,1;52,4
;14:49:57;;13,1;8,6;95,8;41,4
;14:49:58;;12,7;9,9;97,5;59,2
;14:49:59;;12,9;9,8;99,8;53,6
;14:50:00;;12,6;8,5;92,8;29,9
;14:50:01;;12,8;8,4;91,6;76,3
;14:50:02;;12,9;12,2;89,9;58,1
;14:50:03;;13;9;101,8;39,8
;14:50:04;;13,1;11,1;95,6;56,4
;14:50:05;;12,7;7,9;101,7;38,5
;14:50:06;;13,1;9,4;102,6;57,3
;14:50:07;;13,2;9,9;95,6;31,5
;14:50:08;;13,1;9,4;97,7;74,1
;14:50:09;;12,5;10;97,2;39,7
;14:50:10;;12,6;9,8;94,2;64,2
;14:50:11;;12,8;10,9;98,6;66,8
;14:50:12;;12,8;9,7;88,7;72,2
;14:50:13;;12,9;9,5;89,2;50,2
;14:50:14;;13,1;7,9;104,8;35,2
;14:50:15;;13,1;10,7;94,3;46,3
;14:50:16;;12,8;7;98,8;44,2
;14:50:17;;12,6;11,5;97,5;57
;14:50:18;;12,6;7,4;102,2;38
;14:50:19;;12,7;9,9;98,3;57,3
;14:50:20;;12,7;9,6;97,4;47,9
;14:50:21;;12,6;10;95,3;24,6
;14:50:22;;12,8;9,9;91,3;10,1
;14:50:23;;13;9,2;93,8;6,4
;14:50:24;;12,6;8,8;94,7;41,5
;14:50:25;;12,6;9,6;98,1;38,4
;14:50:26;;12,9;8,5;96,2;64,4
;14:50:27;;12,4;11,1;91,6;63
;14:50:28;;13;8;95;42,3
;14:50:29;;12,8;9,1;95,3;30
;14:50:30;;13,1;11,3;91,1;38,4
;14:50:31;;13,3;4,3;97,6;42,2
;14:50:32;;12,7;9,5;95,4;63,1
;14:50:33;;12,9;8,5;96,4;51,5
;14:50:34;;13;9,4;88,2;47,8
;14:50:35;;12,6;11,3;97,1;46,3
;14:50:36;;12,4;11,1;86,8;29,1
;14:50:37;;12,9;9,3;102,5;49,9
;14:50:38;;12,7;8,7;88,9;66
;14:50:39;;13,2;9,2;102,8;51,4
;14:50:40;;12,8;5,9;89,2;55,5
;14:50:41;;12,9;10,3;94,4;51,1
;14:50:42;;12,1;10,1;96,1;55,3
;14:50:43;;12,9;6,5;97,8;35,9
;14:50:44;;13;9,6;99,5;61,6
;14:50:45;;12,4;8,1;92,4;57,4
;14:50:46;;12,7;8,7;99,6;56
;14:50:47;;12,9;7,7;92,4;66,4
;14:50:48;;12,5;10,1;90,4;77,5
;14:50:49;;12,8;8,6;99,4;29,7
;14:50:50;;12,5;7,3;95,6;64,1
;14:50:51;;12,8;9,8;95,6;70,4
;14:50:52;;12,5;8,3;86,2;57,5
;14:50:53;;12;6,1;93,3;48,6
;14:50:54;;13,1;9,6;97,7;69,2
;14:50:55;;12,4;11,9;90,3;33,9
;14:50:56;;12,8;10;96,7;23,8
;14:50:57;;12,3;9,8;89,7;52,5
;14:50:58;;12,8;11,8;101,6;54,1
;14:50:59;;12,7;9,3;101,9;58,2
;14:51:00;;12,8;13,1;87,4;66,2
;14:51:01;;12,5;8,5;91,3;46,8
;14:51:02;;12,5;9,6;95,8;57,6
;14:51:03;;13,2;6,3;97,1;60,2
;14:51:04;;12,6;10,3;99,5;49,3
;14:51:05;;13,1;9,4;99,8;51,1
;14:51:06;;12,7;10;95,7;51,1
;14:51:07;;12,9;9,4;96,9;48,4
;14:51:08;;13,1;9,6;94,5;33,7
;14:51:09;;12,9;9,8;103,8;49,1
;14:51:10;;12,5;10,6;100,9;55,8
;14:51:11;;13;7,2;94,5;87,7
;14:51:12;;13;8,8;93,5;65,3
;14:51:13;;12,4;10;88,5;65,9
;14:51:14;;13,1;8,8;91,8;41,9
;14:51:15;;12,4;8,5;101,1;51,1
;14:51:16;;12,4;8,1;101,1;57,4
;14:51:17;;13,6;8,4;91,1;65,7
;14:51:18;;12,6;9,2;95,6;47,6
;14:51:19;;13,1;8,4;91,8;57,7
;14:51:20;;12,8;8,8;108,6;47,8
;14:51:21;;13,2;9,8;92,4;51
;14:51:22;;12,6;10,9;93,4;44,1
;14:51:23;;12,9;9,3;103,7;77
;14:51:24;;12,6;9,6;92,7;39,1
;14:51:25;;13;10,6;98,9;25,1
;14:51:26;;13,2;8,4;92,9;47,8
;14:51:27;;12,6;10,4;101,1;69,5
;14:51:28;;12,8;7,7;91,1;62
;14:51:29;;13,2;8,2;95,9;47,6
;14:51:30;;12,7;10;98,6;40,2
;14:51:31;;13,1;11,4;96,6;60,5
;14:51:32;;13,3;11,7;92,6;38
;14:51:33;;13,5;5,4;104,2;68,3
;14:51:34;;13;9,5;93,6;30,9
;14:51:35;;12,9;10,7;93,2;61,2
;14:51:36;;13,2;8,3;93,4;50,7
;14:51:37;;12,5;10,2;96;54,2
;14:51:38;;12,9;8,5;91,9;57,8
;14:51:39;;12,9;10;94,5;65,7
;14:51:40;;12,6;9,5;94,6;72,9
;14:51:41;;12,7;6,2;95,8;50,6
;14:51:42;;12,9;8,1;92,4;46,8
;14:51:43;;12,8;8,4;94,7;61,5
;14:51:44;;12,4;9;95,9;59,9
;14:51:45;;12,6;11,6;85;55,7
;14:51:46;;12,7;10,5;92,3;48,9
;14:51:47;;12,7;7,4;96,9;79
;14:51:48;;13;9,3;96,4;63,8
;14:51:49;;12,7;10,4;99,8;52,1
;14:51:50;;12,7;10,3;89,1;52,2
;14:51:51;;12,4;9,5;97,3;51,1
;14:51:52;;12,7;10,8;96,6;60,8
;14:51:53;;12,9;11,2;92,7;10,7
;14:51:54;;12,8;10,4;93,4;52,1
;14:51:55;;12,5;9,8;104,2;58,4
;14:51:56;;13,1;9,5;97,2;26,6
;14:51:57;;12,9;8;97,4;64,5
;14:51:58;;12,9;8,8;96,6;40,2
;14:51:59;;12,8;9,6;96,1;75,9
;14:52:00;;12,9;9,8;94,5;77,6
;14:52:01;;13,3;6,6;98,8;49,5
;14:52:02;;12,6;7,3;103,3;55,8
;14:52:03;;12,9;8,5;102,1;52,4
;14:52:04;;13,1;9,2;98,5;55,5
;14:52:05;;12,4;5,8;101,8;39,2
;14:52:06;;12,7;8,2;92;51,9
;14:52:07;;12,8;10,2;96;60,9
;14:52:08;;13,2;8,1;101,7;66,2
;14:52:09;;12,5;8,1;92,8;39,6
;14:52:10;;12,6;9,2;87,7;36,2
;14:52:11;;12,9;10,3;93,4;55,2
;14:52:12;;12,9;7,7;88,1;54,7
;14:52:13;;12,9;10;90,1;23,6
;14:52:14;;12,4;10;98,8;35,4
;14:52:15;;12,6;9;109;35,1
;14:52:16;;12,7;9,4;102;42,3
;14:52:17;;12,6;10,2;104,8;59,1
;14:52:18;;13,1;9,7;104,6;38
;14:52:19;;12,6;9,6;93;48,6
;14:52:20;;12,8;8,6;99;53,3
;14:52:21;;12,5;11,2;99,4;61,2
;14:52:22;;13;9,5;88;53,2
;14:52:23;;12,7;5,5;99,6;40,5
;14:52:24;;12,3;10,5;101,2;38,7
;14:52:25;;13;10,1;95,2;44,5
;14:52:26;;12,7;8,8;96,1;27,6
;14:52:27;;12,7;8,9;99,9;46,8
;14:52:28;;12,4;10,8;97,7;24,6
;14:52:29;;13,4;8,6;98,2;93,6
;14:52:30;;12,4;11,2;96,3;56,3
;14:52:31;;12,8;9,4;92,9;46,9
;14:52:32;;12,5;10;96,9;57
;14:52:33;;12,8;8,3;94,7;88,8
;14:52:34;;12,7;9,6;101,7;56,1
;14:52:35;;12,8;8,7;95,5;50,4
;14:52:36;;11,9;8,6;96,7;64,7
;14:52:37;;12,6;10,6;94,7;56,2
;14:52:38;;13,2;8,6;96,3;70,1
;14:52:39;;13;9,7;100,3;45,8
;14:52:40;;13;8,3;90,3;59,7
;14:52:41;;12,7;7,8;96,9;47,8
;14:52:42;;12,7;9,3;98;48,3
;14:52:43;;13,1;9,1;98,5;51,2
;14:52:44;;12,7;7,6;91,6;40,8
;14:52:45;;12,6;10;96,5;53,1
;14:52:46;;12,5;8,8;95,6;59
;14:52:47;;12,7;9,8;104;50,7
;14:52:48;;12,7;9,6;96,8;63,1
;14:52:49;;12,3;9,2;94,6;47
;14:52:50;;12,7;9,6;96,9;42,3
;14:52:51;;13;6,9;89,7;59,9
;14:52:52;;12,8;8,7;96,5;62,3
;14:52:53;;12,9;7,9;95,6;60,3
;14:52:54;;12,8;9,6;91,6;72,9
;14:52:55;;12,3;9,7;106,2;53,9
;14:52:56;;13,1;9,4;100,6;41,1
;14:52:57;;12,8;7,3;96,1;77,8
;14:52:58;;12,9;9;95,4;89,9
;14:52:59;;12,5;9,9;102;54,7
;14:53:00;;12,5;8,3;99,1;58,4
;14:53:01;;12,7;8;96,6;57,9
;14:53:02;;12,2;11,5;93,9;65
;14:53:03;;13,5;8,2;94,7;49,1
;14:53:04;;13;8,5;95;75,2
;14:53:05;;12,3;10,2;100,7;67
;14:53:06;;13,2;10,2;95,3;52,6
;14:53:07;;12,2;9,8;93,8;63,1
;14:53:08;;13,2;9,6;93,3;50,2
;14:53:09;;12,7;10,2;102,5;36,9
;14:53:10;;12,6;10,3;95;62,1
;14:53:11;;12,3;13;91,1;29,1
;14:53:12;;12,3;7,4;100,3;61,7
;14:53:13;;13;9,7;92,7;27,3
;14:53:14;;12,9;7,6;91,6;62,9
;14:53:15;;12,8;10,8;102,4;51,9
;14:53:16;;12,7;10,2;90,1;65,6
;14:53:17;;12,8;8,3;97;53,9
;14:53:18;;12,5;9,5;89,1;61,3
;14:53:19;;12,3;9,9;94,7;50,2
;14:53:20;;12,7;9,9;96,1;58,2
;14:53:21;;12,5;7,8;94,5;23,9
;14:53:22;;12,7;10;89,3;16,1
;14:53:23;;12,7;8,6;100,7;64,2
;14:53:24;;12,5;9,9;90,8;63,1
;14:53:25;;12,9;7,8;89,9;36,6
;14:53:26;;12,9;9,6;96,8;33,9
;14:53:27;;12,8;9,7;93,6;62
;14:53:28;;12,7;11,2;102;54,5
;14:53:29;;12,4;9,1;91,2;51,1
;14:53:30;;12,6;11,7;99,9;33,8
;14:53:31;;12,3;10,1;97,4;60,3
;14:53:32;;13,2;8;88,3;70,3
;14:53:33;;12,4;7,5;97,4;63
;14:53:34;;12,2;10,3;99,5;19,4
;14:53:35;;12,3;9,4;99,9;68,9
;14:53:36;;12,7;9;102,2;53,5
;14:53:37;;12,7;10,5;95,6;64,8
;14:53:38;;12,9;9;98,2;60,2
;14:53:39;;12,6;8,1;92,7;36,1
;14:53:40;;12,8;7,5;97,9;52,2
;14:53:41;;12,8;9,9;97,7;42,9
;14:53:42;;12,8;9,4;91,4;45,3
;14:53:43;;12,8;10,8;96,3;49,5
;14:53:44;;12,9;10,3;87,1;51,7
;14:53:45;;12,8;9,8;93,3;45,2
;14:53:46;;12,7;10;103;32,7
;14:53:47;;12,8;10,1;90,8;58,1
;14:53:48;;12,8;10,5;94,1;46,7
;14:53:49;;12,8;8,5;102,5;51,1
;14:53:50;;12,8;8,5;92,8;54,1
;14:53:51;;12,7;7,6;101,4;86,4
;14:53:52;;12,6;8,5;94,1;68,3
;14:53:53;;13;8,8;97,4;55,8
;14:53:54;;12,6;9,5;93,1;63,9
;14:53:55;;12,7;9,5;93,9;45,8
;14:53:56;;12,7;9,9;88,9;73,9
;14:53:57;;12,8;6,1;82,1;48,9
;14:53:58;;12,5;8,7;103;58,5
;14:53:59;;12,9;11,5;97,7;39,4
;14:54:00;;12,7;10,1;93,1;64,6
;14:54:01;;12,9;10;101,9;77,4
;14:54:02;;12,6;8,1;96,7;57,5
;14:54:03;;12,7;9,4;92,1;68
;14:54:04;;12,8;9;100,7;79,1
;14:54:05;;12,9;10,1;98,2;53,5
;14:54:06;;12,7;9,7;99,8;61,4
;14:54:07;;12,8;9,4;94,5;75,5
;14:54:08;;12,2;10,8;94,5;53,4
;14:54:09;;12,7;9,6;97,4;59,5
;14:54:10;;12,7;10,7;97,5;56,3
;14:54:11;;12,2;9,6;104,6;71,2
;14:54:12;;13,3;8,5;93,3;41,6
;14:54:13;;13;9,1;88,9;47,5
;14:54:14;;12,8;8,7;95,8;29
;14:54:15;;12,5;8,1;91,6;49,4
;14:54:16;;12,3;11,4;97,9;21,8
;14:54:17;;12,6;9,2;98,3;31,7
;14:54:18;;12,8;10,5;97,2;58,6
;14:54:19;;12,6;9,7;96,7;66,3
;14:54:20;;12,9;8,8;91,6;56,1
;14:54:21;;12,7;9,2;102,8;52
;14:54:22;;12,7;9,1;99,6;55,4
;14:54:23;;13;11,4;96,4;59,7
;14:54:24;;12,6;9,7;100,1;56,2
;14:54:25;;12,8;6,8;93,3;42,5
;14:54:26;;12,7;10,3;99,4;40,9
;14:54:27;;12,7;9,5;96,9;35,9
;14:54:28;;12,7;9,4;96,8;34,9
;14:54:29;;12,5;8,3;95,1;59,2
;14:54:30;;12,8;10,4;102,1;81,7
;14:54:31;;12,6;8,5;102,2;47,3
;14:54:32;;13,1;7,3;96,4;60,9
;14:54:33;;12,6;8,8;91,9;56,3
;14:54:34;;12,3;12,4;90,6;30,9
;14:54:35;;12,8;10,9;95;60,1
;14:54:36;;12,8;9,6;97,2;54
;14:54:37;;12,7;10,2;93,2;72,8
;14:54:38;;12,9;11,4;96,4;48,4
;14:54:39;;12,8;10,5;103,3;55,7
;14:54:40;;13,1;11;103,3;24,8
;14:54:41;;13,1;7,6;101,9;41,9
;14:54:42;;12,6;6,8;98,3;37,7
;14:54:43;;12,7;10,5;98,9;44,9
;14:54:44;;12,7;12,2;94;19,2
;14:54:45;;13,1;9;92,7;54,4
;14:54:46;;13;7,9;85,8;63,9
;14:54:47;;12,4;6,8;86,6;44,6
;14:54:48;;12,7;8,9;95,6;42,5
;14:54:49;;13;10,5;97,2;58,3
;14:54:50;;12,5;8,6;95,8;102,5
;14:54:51;;12,4;8,5;87,2;51
;14:54:52;;12,7;8;96,6;56,9
;14:54:53;;12,7;8,6;101,3;55,2
;14:54:54;;12,6;11,5;100,8;66,3
;14:54:55;;12,5;9,9;88,5;48
;14:54:56;;12,8;9;88;64
;14:54:57;;12,6;10,1;97,1;48,9
;14:54:58;;12,8;8,8;90,7;87
;14:54:59;;12,4;8,2;94,7;69,6
;14:55:00;;12,3;10;90;60,6
;14:55:01;;12,6;6,7;91,1;68,3
;14:55:02;;13,1;8,6;99,5;74,8
;14:55:03;;12,4;11;88,5;98
;14:55:04;;13,1;10,4;104,5;42,1
;14:55:05;;12,4;8,3;98,8;68,5
;14:55:06;;12,4;12,3;94,9;35,8
;14:55:07;;12,4;11,7;95,8;63,7
;14:55:08;;12,7;9,6;98;39,8
;14:55:09;;12,9;3,4;97,5;58,6
;14:55:10;;12,9;9,3;93,5;64,4
;14:55:11;;12,6;8,9;98,6;50,5
;14:55:12;;12,3;11,1;92,5;45,6
;14:55:13;;12,8;7,5;95,7;55,5
;14:55:14;;12,3;10,4;104,2;14,2
;14:55:15;;12,7;8,8;103,2;85,4
;14:55:16;;12,8;9,6;99,6;72,5
;14:55:17;;13,2;9,8;88;66,3
;14:55:18;;12,5;8,8;101,5;53,2
;14:55:19;;12,5;8,4;101,5;46,5
;14:55:20;;12,6;10,2;96,6;32,4
;14:55:21;;12,9;7,1;102,8;53,2
;14:55:22;;12,9;9,6;99,5;59,1
;14:55:23;;13;8,4;93,3;48,2
;14:55:24;;13,2;7;105,4;43,5
;14:55:25;;12,5;11,1;98,8;50,1
;14:55:26;;12,9;10;92,7;62,7
;14:55:27;;12,4;9,2;102,2;44,9
;14:55:28;;12,4;9,5;101,8;54,7
;14:55:29;;12,3;9,4;103;56,5
;14:55:30;;12,8;7,3;95,7;76,5
;14:55:31;;12,7;8,7;99,1;60,3
;14:55:32;;12,6;11,8;87,7;90,3
;14:55:33;;12,5;9,5;94,7;57,1
;14:55:34;;12,6;10,1;99;50,1
;14:55:35;;12,7;10,2;100,8;22,8
;14:55:36;;12,4;7,9;100,6;43
;14:55:37;;12,6;9,6;97,7;47,2
;14:55:38;;12,7;9;93,2;48,3
;14:55:39;;12,9;10,4;99,9;36,2
;14:55:40;;12,7;8,9;97,8;67,8
;14:55:41;;12,8;8,9;94,3;41,4
;14:55:42;;12,7;10,1;99,4;58,4
;14:55:43;;12,3;10,3;95,4;39,8
;14:55:44;;12,6;8,8;93,6;42
;14:55:45;;12,3;8,8;95;31,3
;14:55:46;;12,7;10,5;96,4;61,6
;14:55:47;;12,5;9,9;97,9;63,1
;14:55:48;;13,1;8,9;102,3;51,7
;14:55:49;;12,4;8,2;101,9;24,8
;14:55:50;;12,5;9,8;90,8;71,8
;14:55:51;;12,7;7,9;98,3;73,1
;14:55:52;;13,2;8,5;93,9;39,5
;14:55:53;;13;7,5;96,5;53
;14:55:54;;13;11,4;94,5;67,5
;14:55:55;;12,5;8,9;86,3;72,7
;14:55:56;;12,6;10,5;101,1;55,8
;14:55:57;;12,8;8;95;34,5
;14:55:58;;13,1;9,1;93,7;76,5
;14:55:59;;12,7;10,9;93;63,7
;14:56:00;;12,3;9,3;99,2;52,5
;14:56:01;;12,8;10,3;98,2;49,7
;14:56:02;;12,8;12,3;98,6;44,9
;14:56:03;;12,6;9,1;91,6;65,8
;14:56:04;;12,4;11,1;96,3;51,7
;14:56:05;;12,9;10;99;55,6
;14:56:06;;12,3;7,4;97,8;50,6
;14:56:07;;12,3;11,6;97,6;67,3
;14:56:08;;12,7;5,6;100,1;51,7
;14:56:09;;12,8;8,8;96,2;50,4
;14:56:10;;12,7;8,6;92,5;56,4
;14:56:11;;12,6;11,8;102,7;64,8
;14:56:12;;12,9;7,2;93,2;59,2
;14:56:13;;13,1;9,8;95;43,3
;14:56:14;;12,4;9,2;92;33
;14:56:15;;13,1;10;96,4;43,1
;14:56:16;;12,9;9,2;88,4;52
;14:56:17;;12,6;11;105,6;68,9
;14:56:18;;12,8;9,8;94,3;62,4
;14:56:19;;12,7;11,9;96,3;40,2
;14:56:20;;12,8;10,4;99,9;57
;14:56:21;;12,6;7,7;94,5;59
;14:56:22;;12,6;9,4;95,8;70,2
;14:56:23;;12,7;9,7;90,5;41,3
;14:56:24;;12,8;9,1;88,1;59,2
;14:56:25;;12,7;9,7;96,8;56,4
;14:56:26;;12,9;8,3;92,4;56,4
;14:56:27;;12,6;11,8;99,4;57
;14:56:28;;12,6;9,2;92,1;41,9
;14:56:29;;12,8;7;93,9;79,2
;14:56:30;;12,8;9,1;91,3;71,9
;14:56:31;;12,7;7;94,4;67,9
;14:56:32;;12,2;8,8;91;85
;14:56:33;;12,6;4,6;95;82,5
;14:56:34;;13,2;9,1;98;43,8
;14:56:35;;13;9,1;93,6;64,2
;14:56:36;;12,4;9,7;95,8;47
;14:56:37;;12,3;9,8;84,9;27,4
;14:56:38;;12,5;10,3;93,8;54,6
;14:56:39;;12,8;11,3;100,3;32,5
;14:56:40;;13;10,1;97,4;44,1
;14:56:41;;12,3;6,9;95,4;65,4
;14:56:42;;12,4;10;95;52,9
;14:56:43;;12,2;9,2;93,2;71,2
;14:56:44;;13;10,1;94,6;48,1
;14:56:45;;13,3;10;103,6;29,4
;14:56:46;;12,6;10,3;92,2;49,4
;14:56:47;;12,7;8,9;97,2;65,2
;14:56:48;;12,8;10;95,8;53,2
;14:56:49;;12,6;9,9;88,2;50
;14:56:50;;12,8;10,1;100,8;50,3
;14:56:51;;12,8;8,2;90,6;41,1
;14:56:52;;12,6;11;92,4;56,2
;14:56:53;;12,7;9,7;101,9;59,5
;14:56:54;;12,8;9,7;106;31,8
;14:56:55;;12,6;10,2;92,5;76,3
;14:56:56;;12,6;11,2;96,4;46,2
;14:56:57;;12,4;8,6;99,2;39,6
;14:56:58;;12,8;9,9;96,7;41
;14:56:59;;12,8;9,2;95,4;49,4
;14:57:00;;12,1;10,9;94;63,8
;14:57:01;;12,8;9,9;94;36,6
;14:57:02;;12,4;9,1;94,2;45,9
;14:57:03;;12,6;7,7;90,2;36,1
;14:57:04;;12,8;10,6;91,7;67,8
;14:57:05;;13;10,9;94,2;53,1
;14:57:06;;12,1;10;90,7;73,7
;14:57:07;;12,7;7,2;95,8;60,4
;14:57:08;;12,8;6,3;97,5;70,1
;14:57:09;;12,1;10,4;96,3;44,9
;14:57:10;;13,1;10,2;92,6;27,1
;14:57:11;;13,1;10;106,2;56,8
;14:57:12;;12,5;10,4;93,8;71,8
;14:57:13;;13;10,1;88,5;58,1
;14:57:14;;12,4;10,8;100,9;63,1
;14:57:15;;12;10,8;98,9;57,8
;14:57:16;;12,7;8,4;92,4;67,9
;14:57:17;;12,6;9,9;90,4;39,3
;14:57:18;;12,7;10;92,6;57,3
;14:57:19;;12,9;12,2;96,9;62,8
;14:57:20;;12,9;10,5;100,9;57,4
;14:57:21;;12,8;10,3;90,1;45,2
;14:57:22;;12,6;11,4;93,9;64,5
;14:57:23;;12,4;9,5;88,8;75,6
;14:57:24;;12,8;4,4;89;62,6
;14:57:25;;12,5;10,9;95;40,5
;14:57:26;;12,8;10,8;97,5;39,9
;14:57:27;;12,2;10,8;91,9;61,6
;14:57:28;;12,9;9,3;100,9;53,9
;14:57:29;;12,8;7,8;88,2;57
;14:57:30;;12,3;10,1;103;56,9
;14:57:31;;12,8;9,9;95,7;84
;14:57:32;;12,7;8,6;91;64,5
;14:57:33;;12,8;11,1;90,3;73,4
;14:57:34;;12,8;9,4;95,3;55,7
;14:57:35;;12,6;10;91,9;86,4
;14:57:36;;12,2;9,3;96,7;31
;14:57:37;;12,9;8,6;99,8;82,4
;14:57:38;;12,9;11,1;92,5;65,3
;14:57:39;;12,9;9,7;94;68,1
;14:57:40;;12,3;8;93,9;58,5
;14:57:41;;12,5;11,7;89,8;69,1
;14:57:42;;12,9;9,3;91,1;63,1
;14:57:43;;12,6;8,5;93,7;48,9
;14:57:44;;12,4;10,6;94,5;72,9
;14:57:45;;12,5;9,8;90,2;61,2
;14:57:46;;13;11;92,8;45,1
;14:57:47;;12,3;12,1;93,2;52,5
;14:57:48;;12,9;10,6;96,8;63,9
;14:57:49;;12,7;10,8;97,5;59,3
;14:57:50;;12,9;8,9;93,2;86,6
;14:57:51;;12,7;8,3;96,9;70,1
;14:57:52;;12,7;9;86,3;50,2
;14:57:53;;12,7;7,6;93,5;79
;14:57:54;;12,4;9,7;92,7;55,3
;14:57:55;;12,6;9,1;95,7;70,9
;14:57:56;;12,9;9,5;93,6;32,2
;14:57:57;;12,4;7,7;97,4;79
;14:57:58;;12,7;10;92,6;47,8
;14:57:59;;12,6;10,1;92,7;65,9
;14:58:00;;12,4;11,8;101,4;41,8
;14:58:01;;12,9;8,9;93;35,3
;14:58:02;;12,9;11,5;99,3;50,4
;14:58:03;;12,6;9;94,7;55,1
;14:58:04;;12,7;9,4;91,5;59,5
;14:58:05;;13;11,5;86;60,8
;14:58:06;;12,6;8,2;98,3;64,2
;14:58:07;;12,5;10;93,9;67,3
;14:58:08;;12,5;8,8;99,5;86,5
;14:58:09;;12,7;12,3;98,9;63,8
;14:58:10;;12,3;8,4;98,9;79
;14:58:11;;12,8;9;93,3;77,8
;14:58:12;;12,8;8,7;94;78,2
;14:58:13;;12,7;9,8;100,1;56,4
;14:58:14;;12,7;9,7;93,6;57,2
;14:58:15;;12,3;9,2;96,4;73,8
;14:58:16;;12,1;9,3;93,4;42,4
;14:58:17;;12,7;9,7;92,9;36,4
;14:58:18;;12,5;8,6;100;67
;14:58:19;;12,7;8,5;98,9;75,1
;14:58:20;;12,4;8,1;97,9;75,1
;14:58:21;;12,9;8,9;101,7;56,1
;14:58:22;;12,9;13;95,2;55
;14:58:23;;12,6;8,9;95,7;56,7
;14:58:24;;12,4;10,8;87,6;72,7
;14:58:25;;12,8;8,8;91,1;44,9
;14:58:26;;12,8;10,6;92,2;74,9
;14:58:27;;12,5;8,8;100,6;46,1
;14:58:28;;13,3;7,9;92,6;51,9
;14:58:29;;12,6;9,5;95,3;60,9
;14:58:30;;12,6;11,3;94,5;55,3
;14:58:31;;12,5;10,4;87,1;53,2
;14:58:32;;11,9;10,4;93,4;49,5
;14:58:33;;12,7;11,3;97,1;69,2
;14:58:34;;12,2;8,7;103,1;43,2
;14:58:35;;12,7;8,2;95,6;79,5
;14:58:36;;12,3;9,4;99,3;73,5
;14:58:37;;13,1;11,3;90,8;53,6
;14:58:38;;12,8;13;100,3;54,8
;14:58:39;;12,5;10;92,3;46,1
;14:58:40;;12,9;10,5;101;51,1
;14:58:41;;12,8;10,8;92,5;68,6
;14:58:42;;12,6;8,3;94,2;77,2
;14:58:43;;12,6;10,3;95,3;66,5
;14:58:44;;12,6;11,7;94;59,7
;14:58:45;;12,5;8,6;93,8;67,4
;14:58:46;;12,5;9,4;93,9;53,2
;14:58:47;;12,5;9,1;95;51,8
;14:58:48;;12,5;11,4;91,3;40,2
;14:58:49;;12,5;8,5;99;35,2
;14:58:50;;12,4;9,8;89,4;69,2
;14:58:51;;12,4;10,3;94,7;62,8
;14:58:52;;12,8;12,3;87,7;57,5
;14:58:53;;12,7;10,9;93,7;49
;14:58:54;;12,5;10;88,1;52,7
;14:58:55;;12,4;10,7;91,9;49,3
;14:58:56;;12,6;10,3;93;44,7
;14:58:57;;12,5;10,9;98,9;50
;14:58:58;;12,5;10,8;97,5;39,2
;14:58:59;;12,8;10,3;96,6;65,9
;14:59:00;;13;10,3;95,8;46,1
;14:59:01;;12,5;7,7;94,2;87,6
;14:59:02;;12,3;10,1;91,2;31,4
;14:59:03;;12,8;9,9;97;67,1
;14:59:04;;12,4;9,8;101,5;59
;14:59:05;;13;6,9;92,2;74,7
;14:59:06;;12,9;10,7;91;73
;14:59:07;;12,8;5,3;96,6;63,7
;14:59:08;;12,7;9,4;91,2;29,4
;14:59:09;;12,8;7,6;94,1;69,2
;14:59:10;;12,6;8,7;100,5;58,3
;14:59:11;;12,9;9,4;95,8;56,7
;14:59:12;;12,7;10,6;95,6;43,5
;14:59:13;;13;9,5;97,7;70,3
;14:59:14;;12,5;10,5;92,2;76,8
;14:59:15;;12,8;7,7;95,8;51,2
;14:59:16;;12,3;11,4;91,6;72,8
;14:59:17;;12,7;10,4;91,9;33,2
;14:59:18;;12,7;10,3;102,8;77,7
;14:59:19;;12,8;11,6;98,1;49,1
;14:59:20;;12,8;11;91,9;74
;14:59:21;;12,8;10,5;95,3;49,9
;14:59:22;;12,6;8,8;93,4;32,7
;14:59:23;;12,5;11,3;93,4;83,8
;14:59:24;;12,6;10,4;90,2;70,9
;14:59:25;;12,8;11;93,3;67,4
;14:59:26;;12,6;7,6;90,2;77,1
;14:59:27;;12,4;6,9;90,8;66,5
;14:59:28;;12,7;9,1;96,1;34,3
;14:59:29;;12,7;11,4;98,2;54,6
;14:59:30;;12;10,7;96,6;74,3
;14:59:31;;12,9;10,3;87,7;54,9
;14:59:32;;12,7;10,4;97;41,1
;14:59:33;;12,6;10,5;99,1;72,5
;14:59:34;;12,4;9,6;94,2;74,4
;14:59:35;;12,5;9,9;105,6;63,2
;14:59:36;;12,5;8,3;94,6;68,7
;14:59:37;;12,4;9,4;95,6;61,2
;14:59:38;;12,3;11,6;89;69,8
;14:59:39;;12,3;11,6;96;54,4
;14:59:40;;12,7;10,6;95,7;62,8
;14:59:41;;13,4;10,4;87,6;44,3
;14:59:42;;12,6;9,1;95,5;74,3
;14:59:43;;12,7;8,3;93,6;63,6
;14:59:44;;12,5;10;92,4;54,4
;14:59:45;;12,5;8,7;89,8;76
;14:59:46;;12,3;11,1;95,4;59,4
;14:59:47;;12,2;10,4;99,2;49,7
;14:59:48;;12,3;10,3;96,6;53,1
;14:59:49;;12,3;9,5;92,7;45,7
;14:59:50;;12,7;9,3;95;60
;14:59:51;;12,9;9,1;88,6;52
;14:59:52;;12,4;8,9;92,4;50,5
;14:59:53;;12,7;7,9;98,3;70,9
;14:59:54;;12,3;5,9;96,8;73,8
;14:59:55;;13;11,5;97,8;56,4
;14:59:56;;12,4;11,1;91,7;56,7
;14:59:57;;12,7;9,1;95,2;44,1
;14:59:58;;12,8;8,9;98,5;37,7
;14:59:59;;13,1;9,9;100,2;66,5
;15:00:00;;12,4;10,7;87,3;70,1
;15:00:01;;12,3;11,5;97,7;59,8
;15:00:02;;12,7;10,9;89,5;83,2
;15:00:03;;12,7;9,8;91,1;54,3
;15:00:04;;12,4;9,6;87,4;64,8
;15:00:05;;12,5;9,5;93,3;40,2
;15:00:06;;12,8;9,4;96,6;62,4
;15:00:07;;12,4;11,7;95,8;47,5
;15:00:08;;12,1;10,9;94,8;45,8
;15:00:09;;12,6;12,5;100,6;44,8
;15:00:10;;12,7;10,2;95,3;44,4
;15:00:11;;12,8;10;100;66,7
;15:00:12;;12,8;8,8;94,1;58,5
;15:00:13;;13;9,5;90,9;72
;15:00:14;;13,1;10,2;98;35,2
;15:00:15;;12,8;11,4;88,5;51,1
;15:00:16;;12,3;9,5;85,3;52,7
;15:00:17;;12,5;7,9;96,4;64,3
;15:00:18;;12,5;11,3;89,2;69,2
;15:00:19;;12,6;10,5;96,5;72,2
;15:00:20;;12,7;10,2;89,4;61,7
;15:00:21;;12,1;11,1;91,2;44,5
;15:00:22;;12,8;11,2;95,1;68,6
;15:00:23;;12,5;7,4;95;39,5
;15:00:24;;12,5;11,3;95,1;81,1
;15:00:25;;12,6;10,5;105,3;63,1
;15:00:26;;12,7;10;94;52,2
;15:00:27;;12,6;9,4;96,2;54,6
;15:00:28;;12,4;10,8;100,7;57,3
;15:00:29;;12,5;9,9;91,3;54,2
;15:00:30;;12,4;7,8;91,9;43
;15:00:31;;12,4;9,9;95,8;38,3
;15:00:32;;12,6;10,8;98,4;62,8
;15:00:33;;12,4;11,4;94,8;52,8
;15:00:34;;12,7;8,9;95,2;55,3
;15:00:35;;12,6;10,4;89,1;73,7
;15:00:36;;12,6;11,8;93,1;49,1
;15:00:37;;13;8,2;96,7;60,9
;15:00:38;;11,6;10,3;95,8;55,1
;15:00:39;;12,5;10,5;97,7;39,3
;15:00:40;;12,2;9,6;94,1;78,7
;15:00:41;;12,5;9,2;94,3;60,7
;15:00:42;;12,4;10,1;99;91,4
;15:00:43;;12,5;9,4;90,3;73
;15:00:44;;12,6;10,3;87,4;79,6
;15:00:45;;12,3;11,1;97,3;58,7
;15:00:46;;12,2;11,4;93,3;72,8
;15:00:47;;12,2;8,5;88,6;47,5
;15:00:48;;12,5;9,8;90;52,8
;15:00:49;;12,6;11,1;91,3;51,5
;15:00:50;;12,6;8,8;96,6;79,8
;15:00:51;;12,4;10,3;94,2;68,1
;15:00:52;;12,5;10;97,5;56,7
;15:00:53;;12,3;11,5;87,1;46,2
;15:00:54;;12,6;11,9;95,6;47,3
;15:00:55;;12,7;8,6;89,2;57,3
;15:00:56;;13;10,7;92,5;44,9
;15:00:57;;12,8;10,9;93,4;46,1
;15:00:58;;12,9;10,3;103;71,5
;15:00:59;;12,7;8,9;96,3;63
;15:01:00;;12,3;9,7;87,6;86,5
;15:01:01;;13;8,1;92,9;63,4
;15:01:02;;12,5;7,8;96;68,7
;15:01:03;;12,8;9,9;90,8;63,4
;15:01:04;;12,4;10,3;96,1;69,4
;15:01:05;;12,6;5,9;94,5;68,1
;15:01:06;;12,7;11,2;92,6;64,5
;15:01:07;;12,8;9,5;94,7;60,6
;15:01:08;;12,4;9,4;92,9;70,7
;15:01:09;;12,4;9,2;91,3;70,5
;15:01:10;;12,3;8,2;94,8;72,8
;15:01:11;;12,8;9,7;95,6;46,4
;15:01:12;;12;11,2;91,3;73,2
;15:01:13;;12,2;10,2;99,1;28,1
;15:01:14;;13;10;99,2;80,9
;15:01:15;;12,7;10,6;94,5;77,9
;15:01:16;;12,1;9,5;85,5;41,3
;15:01:17;;12,6;9,8;86,9;42,7
;15:01:18;;12,5;9,9;83,4;69,6
;15:01:19;;12,6;12,2;90;73,5
;15:01:20;;12,8;8,7;89,2;56,2
;15:01:21;;12,7;10,5;92,4;53,1
;15:01:22;;12,6;11;91,1;74,4
;15:01:23;;12,7;10,3;94,9;41,3
;15:01:24;;12,6;10;88,1;93
;15:01:25;;12,3;11,1;90,8;74
;15:01:26;;12,2;10,3;99,2;50,3
;15:01:27;;12,9;11,2;87,4;76,4
;15:01:28;;12,5;11,3;96,2;58,8
;15:01:29;;12,5;10,7;103,7;62,8
;15:01:30;;12,6;9,7;99,8;46,8
;15:01:31;;12,8;10,3;93,5;84,6
;15:01:32;;12,1;10,1;95,7;82,3
;15:01:33;;12,6;10,4;93,5;81
;15:01:34;;12,4;9;92,5;68,8
;15:01:35;;12,9;8,2;95,6;61,9
;15:01:36;;12,3;10,7;89;65,9
;15:01:37;;12,7;10,9;85,8;80,1
;15:01:38;;12,4;9,8;92,1;76,5
;15:01:39;;12,4;11,3;87,9;43,3
;15:01:40;;12,2;11,8;92,5;57
;15:01:41;;12,1;10,5;97,6;67
;15:01:42;;13;10,7;89,1;58,5
;15:01:43;;12,8;10,9;92,6;61,1
;15:01:44;;12,5;9,7;97,5;43,5
;15:01:45;;12,7;10,9;93,8;57,4
;15:01:46;;12,2;10,4;99,2;68,7
;15:01:47;;13;10,7;83,5;64
;15:01:48;;12,7;9,9;94,5;56,2
;15:01:49;;12,8;11,1;94,5;41,1
;15:01:50;;12,8;10,9;95,3;50
;15:01:51;;12,5;11;92,9;57,2
;15:01:52;;12,8;8,8;94,7;67
;15:01:53;;12,3;9,1;85,2;57,1
;15:01:54;;12,5;11,1;94,2;66,1
;15:01:55;;12,5;11,5;97,7;62,8
;15:01:56;;11,9;11,1;94,9;53,3
;15:01:57;;12,9;7,8;96,6;64,1
;15:01:58;;12,1;9,8;97;51,2
;15:01:59;;12,4;10,9;93,2;68,1
;15:02:00;;12,7;10,7;99,5;29,5
;15:02:01;;13;7,4;96,9;69,8
;15:02:02;;12,7;9,8;99;59,4
;15:02:03;;12,7;11;92,2;61,9
;15:02:04;;12,7;12;97;52,4
;15:02:05;;12,8;7,8;94,6;61,5
;15:02:06;;12,5;9,1;98,9;98,4
;15:02:07;;12,4;12,9;92,4;30,1
;15:02:08;;12,3;12,2;94,5;70,8
;15:02:09;;12,5;9,8;86,3;27,7
;15:02:10;;12,9;11,4;90,1;70,2
;15:02:11;;12,7;11;91,3;33,5
;15:02:12;;12,6;10,4;93,4;35,3
;15:02:13;;12,7;8,6;97,8;62,9
;15:02:14;;13;9,9;96,9;62,4
;15:02:15;;11,8;8,5;97,2;76,8
;15:02:16;;12,1;11;95,3;81,5
;15:02:17;;12,3;10,8;93,3;36,9
;15:02:18;;13;9,6;89,2;74
;15:02:19;;12,8;9,5;91,4;67,9
;15:02:20;;12,5;9,6;91,3;61,8
;15:02:21;;12,8;11,1;86,3;48,6
;15:02:22;;12,5;7,8;93,7;64,8
;15:02:23;;12,1;10,1;91,4;49,9
;15:02:24;;12,5;9,9;101,1;42
;15:02:25;;12,7;9,7;91,8;68,6
;15:02:26;;12,7;11,1;88,1;61,1
;15:02:27;;12,6;8,1;91,1;48,9
;15:02:28;;12,5;9,6;94;70,3
;15:02:29;;12,1;10,9;85,8;40
;15:02:30;;12,2;10,6;89,4;80,7
;15:02:31;;12,6;9,4;97,8;48
;15:02:32;;12,8;9,5;93,9;55,2
;15:02:33;;13;10,5;96;69,7
;15:02:34;;12,4;8,5;96,9;58,9
;15:02:35;;12,4;11,3;94,2;43,4
;15:02:36;;12,7;10,9;90,8;91,1
;15:02:37;;12,3;10,3;88,9;50,1
;15:02:38;;12;10,6;94,6;78,7
;15:02:39;;12,7;10,7;91,6;65,6
;15:02:40;;12,7;10,1;92,7;68,7
;15:02:41;;12,4;10,6;95,6;78,9
;15:02:42;;12,4;8,1;93,5;71,1
;15:02:43;;12,8;10,7;95;64,5
;15:02:44;;12,7;11,8;86,2;82,3
;15:02:45;;12,6;8,5;88,8;57,8
;15:02:46;;12,4;12;94,2;62,7
;15:02:47;;12,6;8,3;95;74,1
;15:02:48;;12,3;10,9;90,5;55,2
;15:02:49;;12,8;10,8;88,4;53,6
;15:02:50;;12,8;11,3;87,6;64,8
;15:02:51;;12,8;7,4;86,4;78,6
;15:02:52;;12,8;9,6;87,4;66,8
;15:02:53;;12,3;11;93,5;73,2
;15:02:54;;12;11,6;92,8;55,3
;15:02:55;;12,8;10,1;94,7;42
;15:02:56;;12,2;10;92,4;97,8
;15:02:57;;12,4;11,3;98,4;71,5
;15:02:58;;12,7;11,6;87,2;73,4
;15:02:59;;12,7;9,2;94,9;65,3
;15:03:00;;12,4;12,1;91,8;69,1
;15:03:01;;12,5;12,2;97,7;47,5
;15:03:02;;12,4;10,7;88,6;57,9
;15:03:03;;13,1;9,5;90;61,5
;15:03:04;;12,1;11;95;55,8
;15:03:05;;12,5;11,6;88,6;67,6
;15:03:06;;12,2;11,2;92,7;39,7
;15:03:07;;12,9;11,9;95,3;46,6
;15:03:08;;12,9;10,7;88,9;56,4
;15:03:09;;12,6;11;83,2;78
;15:03:10;;12,3;10,4;99,5;60,7
;15:03:11;;12,6;11,1;96,6;34,1
;15:03:12;;12,4;11,4;90,2;87
;15:03:13;;12,5;12,3;97,2;66,7
;15:03:14;;12,2;11;89,2;84,3
;15:03:15;;12,3;7;88,1;52,7
;15:03:16;;12,3;12;87,4;56,4
;15:03:17;;12,2;10;92,2;49
;15:03:18;;12,6;9,8;94;83,9
;15:03:19;;12,7;11,3;87,2;101,1
;15:03:20;;12,8;10,7;95,8;41,2
;15:03:21;;12,4;8,8;91,5;60,6
;15:03:22;;12,7;11,4;91,7;61,6
;15:03:23;;12,3;9,9;99,6;56,4
;15:03:24;;12,3;10,8;85,2;56
;15:03:25;;12,4;10,1;90,2;57,7
;15:03:26;;12,2;11;89,8;93,5
;15:03:27;;12,3;11,3;89,9;65
;15:03:28;;12,4;9,4;85;61,3
;15:03:29;;12,3;8,2;93,9;84
;15:03:30;;12,3;9,2;95;43,3
;15:03:31;;12,7;10,8;90,9;68,9
;15:03:32;;12,4;10,8;89,4;64,7
;15:03:33;;12,7;9,4;84,5;69,1
;15:03:34;;12,5;10,9;90,5;58
;15:03:35;;12,4;11,3;96,6;54,2
;15:03:36;;12,6;10,6;95,6;62,5
;15:03:37;;12,2;11,4;94,9;38,4
;15:03:38;;12;10;92,4;65
;15:03:39;;12,4;11;92,1;43,6
;15:03:40;;12,6;11;99,4;60
;15:03:41;;12,1;11,1;93,9;73,4
;15:03:42;;12,6;10,9;99,6;56,1
;15:03:43;;12,3;10,8;84,8;40,9
;15:03:44;;12,4;11,9;91,8;72,9
;15:03:45;;12,7;9,5;98,9;44,3
;15:03:46;;12,1;10,6;90,8;48,7
;15:03:47;;12,3;8,5;96,6;47,1
;15:03:48;;13;11,8;93,3;63,2
;15:03:49;;12,4;12;91,3;60,3
;15:03:50;;12,5;10,9;94,7;50,7
;15:03:51;;12;13,7;92,7;84,6
;15:03:52;;12,8;10,3;95,8;50,4
;15:03:53;;12,3;10,7;90,5;58
;15:03:54;;12,2;10,9;101,9;65,6
;15:03:55;;12,4;10,3;90,5;74,8
;15:03:56;;12,1;9,9;95;61,4
;15:03:57;;12,1;11,5;97,9;50
;15:03:58;;12,6;9,6;90,3;61,7
;15:03:59;;12,4;8,6;84,9;95
;15:04:00;;12,3;10,8;85,9;59,7
;15:04:01;;12,6;10,2;89,2;98,7
;15:04:02;;12,5;12,5;90,5;49,4
;15:04:03;;12,6;9,4;92,7;96,2
;15:04:04;;12,2;13,6;88,5;63,1
;15:04:05;;12,4;11,5;89,4;61,4
;15:04:06;;12,6;9,2;90,5;41,3
;15:04:07;;12,7;11,2;90,8;78,2
;15:04:08;;12;9,2;91,2;60,8
;15:04:09;;12,1;11;93,7;69,1
;15:04:10;;12,3;10,6;90,5;99,9
;15:04:11;;12,6;10,6;86,9;80,5
;15:04:12;;12,1;8,7;94,2;84,7
;15:04:13;;12,4;12;98,3;74,2
;15:04:14;;12,5;8,9;87,1;81,8
;15:04:15;;13;11;90,3;74
;15:04:16;;12,6;10,2;98;65
;15:04:17;;12,1;10,5;94,8;69,3
;15:04:18;;12,4;11,2;94,7;85,6
;15:04:19;;12,8;11;99,7;60,1
;15:04:20;;12,8;10,4;91,3;90,4
;15:04:21;;12,5;12,7;96,4;39,4
;15:04:22;;12,8;10;88,3;60,4
;15:04:23;;12,7;10,7;86;86,3
;15:04:24;;12,2;12,1;96,5;28,3
;15:04:25;;12,3;10,9;90,3;65,3
;15:04:26;;12,6;11,3;92,4;45,2
;15:04:27;;12,4;10,9;89,7;63,3
;15:04:28;;12,5;9,5;83,8;50,3
;15:04:29;;12;11,2;94,8;70,1
;15:04:30;;12,2;9;89,2;67
;15:04:31;;12,2;10,8;90,3;95,2
;15:04:32;;12,6;10,9;89,4;42,6
;15:04:33;;13;10,5;88,7;91,3
;15:04:34;;12,4;10,4;84,1;81,2
;15:04:35;;12;11,1;90,5;75,6
;15:04:36;;12,5;11;93,7;63,8
;15:04:37;;12,4;8,3;84,9;80,9
;15:04:38;;12,5;8,7;93,9;50,2
;15:04:39;;12,5;9,9;87,4;62,7
;15:04:40;;12,5;11,2;93,3;56,3
;15:04:41;;12;10,4;89;55,2
;15:04:42;;11,9;11,1;102,2;66,8
;15:04:43;;12,1;11,8;91,1;52,6
;15:04:44;;12,3;10,4;95,2;96,4
;15:04:45;;12,1;11,9;96;65,3
;15:04:46;;12,9;10,2;94;74,3
;15:04:47;;11,8;12;92,8;97,9
;15:04:48;;12,4;12,2;87,1;61,4
;15:04:49;;11,8;12;94,5;67,1
;15:04:50;;12,8;9,3;85,7;72,1
;15:04:51;;12;10,3;88,1;74,9
;15:04:52;;12,5;10,2;90,3;58,4
;15:04:53;;12,5;10;88,9;69,2
;15:04:54;;12;9,9;91,1;70,2
;15:04:55;;12,3;11,2;95,6;88
;15:04:56;;12,5;11,3;92,7;57,7
;15:04:57;;12;9,4;96,1;75
;15:04:58;;12,3;10,9;96,1;78
;15:04:59;;12,3;11,5;87,7;74,7
;15:05:00;;12,6;11,7;95,7;52,7
;15:05:01;;12,4;11,2;92,5;66,6
;15:05:02;;12,1;11;89,2;101,2
;15:05:03;;12,2;10,3;96,1;61,6
;15:05:04;;12,8;9,7;90,7;66
;15:05:05;;12,3;11,6;88;55,2
;15:05:06;;12,5;11,1;93;84,3
;15:05:07;;12,7;8,7;88,1;62,2
;15:05:08;;12,4;11,4;93;41,8
;15:05:09;;12,4;12;85,8;63
;15:05:10;;12,4;11,9;96,9;72,3
;15:05:11;;12,3;10,7;85,8;50,7
;15:05:12;;12,5;11,1;88;96,4
;15:05:13;;12,6;11,8;89,1;61,6
;15:05:14;;12,4;9,2;91,3;56
;15:05:15;;12,1;10,6;93,9;67
;15:05:16;;12;11,9;90,8;66,5
;15:05:17;;12,6;8,7;95,6;74,3
;15:05:18;;12,2;11,1;92,6;47,5
;15:05:19;;11,4;12,7;91,3;72,9
;15:05:20;;12,4;11,9;99,9;81,9
;15:05:21;;12,7;9,4;89,9;51,7
;15:05:22;;12,9;8,1;96,6;85,4
;15:05:23;;13;9,8;91,3;90,3
;15:05:24;;12,3;10,6;91,9;64,2
;15:05:25;;12;11,5;93,4;67
;15:05:26;;12,5;10,9;87,1;98,1
;15:05:27;;12,1;12,2;90;62,8
;15:05:28;;12,4;10,7;92,2;47,8
;15:05:29;;12,4;11,7;88,3;75,6
;15:05:30;;12,2;11;92,4;81,8
;15:05:31;;12,5;9,8;86,6;55,1
;15:05:32;;12,4;9,8;93,8;64,8
;15:05:33;;12,6;12,2;92;62,9
;15:05:34;;12,6;10,9;93,3;23,6
;15:05:35;;12,5;8,5;95,8;98,8
;15:05:36;;12,5;10,7;86,3;92,4
;15:05:37;;12;10,1;89,2;55,3
;15:05:38;;12,5;9,8;85,5;70,4
;15:05:39;;11,5;12,2;94,1;68,5
;15:05:40;;12,6;10,5;90,3;77,9
;15:05:41;;12,5;12,8;95,4;64,2
;15:05:42;;12,1;9,7;89,3;76,1
;15:05:43;;12,6;12;96,6;91,3
;15:05:44;;12,3;8,2;86;74
;15:05:45;;12;9,9;90,3;74,6
;15:05:46;;12,6;10,2;92,4;90,5
;15:05:47;;12,2;10,7;93;90,1
;15:05:48;;12,6;9,9;94,3;49,1
;15:05:49;;12,3;10,8;97,2;63,1
;15:05:50;;12,4;13,1;97,3;47,2
;15:05:51;;12,3;11,5;87;69,9
;15:05:52;;12,4;11,1;96,6;65,4
;15:05:53;;12,1;11;83,2;83,6
;15:05:54;;12,2;10,6;88,2;74,3
;15:05:55;;12,3;10,2;91,6;80,2
;15:05:56;;12,6;9,6;90;79,7
;15:05:57;;12,4;10,2;93,2;55,3
;15:05:58;;12,5;10,6;94,7;80,7
;15:05:59;;12,4;12,1;84,1;87,5
;15:06:00;;12,2;12,4;91,3;71,8
;15:06:01;;12,1;10,7;83,6;75,3
;15:06:02;;12;10,3;90,7;61,4
;15:06:03;;12,4;12,4;91,3;92,4
;15:06:04;;12,4;11;84,4;66,7
;15:06:05;;12,6;10,6;90,3;63,4
;15:06:06;;12,1;12,6;85,1;78
;15:06:07;;12,3;11,8;93,9;64,6
;15:06:08;;12,4;11,3;88,9;53,1
;15:06:09;;12,3;12,7;88,9;40,2
;15:06:10;;12,3;9,9;88,6;82,8
;15:06:11;;12,4;10,1;88,6;80,9
;15:06:12;;12,4;11,7;89,9;95,6
;15:06:13;;12,6;10,5;90;73,9
;15:06:14;;12,5;8,7;81,5;71,8
;15:06:15;;12,2;11,8;88,2;74,8
;15:06:16;;12,4;11,1;89,2;58,9
;15:06:17;;12,4;10,6;86,1;111,2
;15:06:18;;12,2;10,6;90,1;88,5
;15:06:19;;12;11,7;88,2;96
;15:06:20;;12,3;12,8;94,7;33,6
;15:06:21;;12,3;11,6;94,7;59,3
;15:06:22;;12,3;11,6;87,4;60,5
;15:06:23;;12,1;11,2;93;69,8
;15:06:24;;12,1;12,9;96,3;27,6
;15:06:25;;12,6;12,5;92,9;78,1
;15:06:26;;12,8;10,4;89,2;54,7
;15:06:27;;12;11,7;92,2;80,2
;15:06:28;;12,4;11,2;87,6;76,5
;15:06:29;;12,3;13,1;87,9;89,3
;15:06:30;;12,6;12;91,3;78,5
;15:06:31;;12;9,4;89,2;96,5
;15:06:32;;12,4;10,4;92,8;69,5
;15:06:33;;12,4;9,6;90,3;92,4
;15:06:34;;12,4;11,7;91,1;40,2
;15:06:35;;12,7;11;84,9;79,8
;15:06:36;;12,3;10,2;85,6;103,9
;15:06:37;;12,5;10,4;88,2;67,9
;15:06:38;;12,6;10,6;87,7;81,8
;15:06:39;;12,1;9,7;88,4;49,6
;15:06:40;;12,2;11,7;87,6;81
;15:06:41;;12;11,3;90,7;92,4
;15:06:42;;12,4;9,9;89,2;73,7
;15:06:43;;12,5;10,1;91,1;99,2
;15:06:44;;12,4;10,6;93,3;49,7
;15:06:45;;12,7;10,4;88,7;66,7
;15:06:46;;11,8;11,4;81;85,5
;15:06:47;;12;11,4;86,3;73,2
;15:06:48;;11,9;10,1;90,2;80,8
;15:06:49;;12,2;11,4;91,3;84,6
;15:06:50;;12,5;12,1;87,1;56,3
;15:06:51;;12,3;9,5;91,9;79
;15:06:52;;11,8;9,6;91,3;95,7
;15:06:53;;12,3;10,3;88,2;87,4
;15:06:54;;12,7;11,1;88,1;71,8
;15:06:55;;12,6;11,5;87;80,7
;15:06:56;;12,1;12,9;89,3;102,8
;15:06:57;;12,2;11,6;82,3;79,2
;15:06:58;;12,7;10,5;87,7;72,2
;15:06:59;;12,1;11,1;89,2;96,6
;15:07:00;;12;11,8;93,3;90,9
;15:07:01;;12;11,5;87,4;76,4
;15:07:02;;12,1;10,3;80;67,7
;15:07:03;;12,3;11;93,3;87,1
;15:07:04;;12,4;10,2;82,1;71,9
;15:07:05;;12,3;10,1;88,6;90,6
;15:07:06;;12,3;10,7;92,8;78,5
;15:07:07;;12,3;13,3;93,1;50
;15:07:08;;12,3;10,6;89,7;80,3
;15:07:09;;11,7;11;91;66,7
;15:07:10;;12,3;12,4;84,2;75,3
;15:07:11;;12,2;11,2;88,5;62,7
;15:07:12;;12,4;11,7;88,2;99,9
;15:07:13;;11,9;12,3;96,4;68
;15:07:14;;12;10,9;88,1;68,6
;15:07:15;;12,8;11,4;92,7;59,8
;15:07:16;;12,1;11,9;93;62,7
;15:07:17;;12,5;11;84,8;64,8
;15:07:18;;12,5;11,7;93,4;87,8
;15:07:19;;12,1;10;91,2;85,7
;15:07:20;;12,3;11,1;93,9;58,9
;15:07:21;;12,7;12,1;89,7;80,1
;15:07:22;;12,1;11,4;92,9;78,2
;15:07:23;;12,2;12;88,4;72
;15:07:24;;12,4;12,2;92,2;72,7
;15:07:25;;12;12,6;99,6;75
;15:07:26;;12,6;11,5;88,7;42,8
;15:07:27;;12,4;11,3;88,9;83,8
;15:07:28;;12;10,3;91,6;83,9
;15:07:29;;12,4;12,2;84,9;94,2
;15:07:30;;12,4;9,7;83,1;83
;15:07:31;;12,2;10,4;85,5;91,6
;15:07:32;;12,8;12,1;89,3;96,8
;15:07:33;;11,7;12,1;85,7;67,4
;15:07:34;;12;12,1;89,3;77,6
;15:07:35;;12,5;10;90,3;90,9
;15:07:36;;12,3;11,9;87,3;78,3
;15:07:37;;12,1;12,4;88,9;86
;15:07:38;;12,4;11,1;84,4;57,5
;15:07:39;;12,3;11,5;87,4;67,9
;15:07:40;;12,2;12;91,6;39,4
;15:07:41;;12,2;10,4;83,2;72,5
;15:07:42;;12,4;11,2;84,9;99,9
;15:07:43;;12,4;11,4;93;74
;15:07:44;;12,3;11;90,8;68,1
;15:07:45;;12,2;11,7;87,9;70,2
;15:07:46;;12,2;13;86,9;66,4
;15:07:47;;12,5;12,9;87,2;82,4
;15:07:48;;12,2;11,3;85,8;82,9
;15:07:49;;12;11,1;87,9;75,8
;15:07:50;;12,2;11;85,7;54,2
;15:07:51;;12,5;10,5;88,2;116,6
;15:07:52;;12,4;10,7;83,9;49,9
;15:07:53;;12,1;10,5;82,5;92
;15:07:54;;12,5;9,3;90,5;94,2
;15:07:55;;12,2;10,5;92,8;80,5
;15:07:56;;12,5;11,2;81,3;41,7
;15:07:57;;12;12;87,2;82,6
;15:07:58;;11,8;12,7;95,7;42,2
;15:07:59;;12,4;11;82,9;65,9
;15:08:00;;12,1;10,9;84,3;71,2
;15:08:01;;12,1;12;84;77,1
;15:08:02;;12;8,5;88,7;73,1
;15:08:03;;12,2;12,4;80,5;78,8
;15:08:04;;12,4;11,2;93,9;56,8
;15:08:05;;12,1;12,8;92,2;37,7
;15:08:06;;12,5;11,7;91;70,6
;15:08:07;;12,5;11,5;93,3;77,3
;15:08:08;;12,4;12,2;85,8;99,8
;15:08:09;;12,2;11,5;85,6;79,8
;15:08:10;;12,6;10,1;82,2;61,6
;15:08:11;;12;11,3;88,9;83,1
;15:08:12;;12,2;10,9;83,3;63,9
;15:08:13;;12,4;10,5;88,2;77,7
;15:08:14;;12,3;11;89,2;84,9
;15:08:15;;12;11,7;83,9;90,3
;15:08:16;;11,7;13,2;90,3;58,5
;15:08:17;;11,7;12,8;81,5;60,8
;15:08:18;;12,5;12,6;81,9;79,8
;15:08:19;;12;10,2;82,3;79,7
;15:08:20;;12,3;9,9;82,1;85,7
;15:08:21;;12,3;12;86,8;66,6
;15:08:22;;12,1;9,9;90,7;82,4
;15:08:23;;12,5;12,3;85;74
;15:08:24;;12,6;9,1;82,7;75,4
;15:08:25;;11,7;12,1;93,3;50
;15:08:26;;12,4;10,2;78,4;104
;15:08:27;;12,5;12,1;91,6;68,4
;15:08:28;;12;12,6;87,4;65,5
;15:08:29;;12,3;11,2;90,4;44,7
;15:08:30;;12;12,7;86,6;70,1
;15:08:31;;12,1;10,7;83,3;82,5
;15:08:32;;11,4;12;94;61
;15:08:33;;12,6;10,9;91;68
;15:08:34;;11,9;10,5;84,5;100
;15:08:35;;12,1;12,3;77,6;77,8
;15:08:36;;12,4;11,8;86,9;69
;15:08:37;;12;13,2;81,2;74,6
;15:08:38;;12,4;12,5;86,7;68,6
;15:08:39;;12,1;12,1;82,3;103,9
;15:08:40;;11,5;10,8;81,8;71,2
;15:08:41;;12,4;11,9;81,8;91,7
;15:08:42;;12;10,8;80,9;63,5
;15:08:43;;11,7;12,3;89,8;75,5
;15:08:44;;12,1;11;81,8;71,5
;15:08:45;;12,3;10,2;83,8;119,1
;15:08:46;;12,3;12,2;87,6;102,4
;15:08:47;;11,6;11,5;89,4;80,4
;15:08:48;;12;12,6;84,4;72,3
;15:08:49;;12,3;11,1;82,9;89,9
;15:08:50;;12,3;12,1;84;94,5
;15:08:51;;12;11,7;83,9;61
;15:08:52;;11,7;11,7;81,4;79,5
;15:08:53;;12,1;10,2;80,2;66,2
;15:08:54;;12;11,1;82,4;75,4
;15:08:55;;12,1;12,5;87,3;54,6
;15:08:56;;12;12,3;91,7;56,7
;15:08:57;;11,4;13,2;87;72,8
;15:08:58;;12;11,9;86,9;86
;15:08:59;;12,1;12,8;82,7;90
;15:09:00;;12;11,3;86,4;83,2
;15:09:01;;11,8;12,4;88,9;84,1
;15:09:02;;11,8;13,2;80,6;89
;15:09:03;;12;10,5;90,5;87,1
;15:09:04;;12,4;11,8;93,8;90,5
;15:09:05;;11,7;13,1;91,6;83,8
;15:09:06;;12,4;9,6;83,9;59,7
;15:09:07;;12,1;11,8;85,5;90,7
;15:09:08;;11,9;11;89,3;78,3
;15:09:09;;12,1;10,3;85,6;68,6
;15:09:10;;12,7;12,1;75,5;84
;15:09:11;;12,5;12,2;84,4;78,3
;15:09:12;;12,1;11,5;84,3;77
;15:09:13;;12,1;10,4;77,3;89,9
;15:09:14;;12,2;12,4;80,6;77
;15:09:15;;12,1;10,7;87,1;65,3
;15:09:16;;11,7;12,2;83;88,8
;15:09:17;;11,4;11,2;87,4;66,2
;15:09:18;;11,7;11,8;85,2;62,4
;15:09:19;;12,2;10,4;93,9;77,6
;15:09:20;;11,9;11,2;83,7;93
;15:09:21;;11,5;13,5;79,6;89,2
;15:09:22;;12,1;12,9;84,6;54,3
;15:09:23;;11,6;12,5;83,9;110
;15:09:24;;12,6;12,5;83;80,9
;15:09:25;;11,5;12,8;88,2;54,8
;15:09:26;;11,8;11,8;86,6;69
;15:09:27;;12,3;12,1;86,3;75
;15:09:28;;11,4;11,3;83,1;84,8
;15:09:29;;11,9;12,2;83,9;77,4
;15:09:30;;12,2;10,9;82,6;103,6
;15:09:31;;12,1;12,9;87,6;101,8
;15:09:32;;11,3;11,4;84,4;81,8
;15:09:33;;11,9;12,4;85,8;82,6
;15:09:34;;12;12;81,6;105,5
;15:09:35;;12;12,2;86,4;93,5
;15:09:36;;12,2;10;82,9;80,5
;15:09:37;;11,8;12,3;86,3;81,4
;15:09:38;;12,1;11,8;83,1;85,4
;15:09:39;;12,1;12,3;81,7;84,8
;15:09:40;;11,7;11;81,3;112,3
;15:09:41;;11,7;11,9;81,9;86,7
;15:09:42;;11,8;12;82,1;98,5
;15:09:43;;12;13;84;85,7
;15:09:44;;11,7;10,6;79,9;82,1
;15:09:45;;11,3;11,3;75,8;104,3
;15:09:46;;12,4;12,5;91,2;83,6
;15:09:47;;11,5;12,6;90,5;76,3
;15:09:48;;12,2;10,4;81,9;93,5
;15:09:49;;11,8;12,6;85,2;90,6
;15:09:50;;11,3;12;85,7;70,3
;15:09:51;;11,9;13;77;82,9
;15:09:52;;12,1;12,2;87,2;91,3
;15:09:53;;12,2;10,9;89,7;93,9
;15:09:54;;11,8;11,3;82,1;83,6
;15:09:55;;12,1;12,6;90,2;93,3
;15:09:56;;11,9;12,3;89,8;98
;15:09:57;;12;11;84,7;49,7
;15:09:58;;11,9;11,7;85,6;76,5
;15:09:59;;11,6;12,7;84,2;79,3
;15:10:00;;12,1;13,5;83,1;79
;15:10:01;;11,4;12,9;88,2;65,4
;15:10:02;;11,7;11,1;78,4;117,3
;15:10:03;;12,1;11,2;74,8;90,4
;15:10:04;;11,9;11,3;85,2;75,4
;15:10:05;;11,9;11,1;85,2;82,6
;15:10:06;;11,7;10,4;81,8;104,9
;15:10:07;;12,1;10,2;87,6;74,3
;15:10:08;;12,1;9,8;78;96,5
;15:10:09;;11,9;11,1;84,1;89
;15:10:10;;11,4;11,5;78,2;104,1
;15:10:11;;11,3;12,4;83,5;87,1
;15:10:12;;12;13,1;80,6;87,4
;15:10:13;;11,7;12,4;78,6;97,2
;15:10:14;;12;12,3;81,6;101,7
;15:10:15;;11,5;12;85,3;108,5
;15:10:16;;11,7;13,9;85,1;80,4
;15:10:17;;11,5;12,3;80,1;108,4
;15:10:18;;11,8;12,8;88,1;84,4
;15:10:19;;11,6;11,3;81,8;121,6
;15:10:20;;11,9;12,2;78,7;80,5
;15:10:21;;12,1;12,4;78,2;87,4
;15:10:22;;11,9;11,8;81,6;107,2
;15:10:23;;11,9;11,6;85,8;92,6
;15:10:24;;12,2;11,4;77,9;88,5
;15:10:25;;12;12,2;81,4;106
;15:10:26;;12;12,2;85,8;104,9
;15:10:27;;12,1;14,1;83,4;93,3
;15:10:28;;11,9;13,6;77,5;55,8
;15:10:29;;11,8;13,2;89,2;85,2
;15:10:30;;11,6;12,2;82,9;65
;15:10:31;;12,3;13;85,8;82,6
;15:10:32;;12,3;11,9;76,9;73,3
;15:10:33;;12,1;12,1;83,7;105,3
;15:10:34;;12;12,8;80,2;82,5
;15:10:35;;11,6;10,4;82,9;98,8
;15:10:36;;11,4;12,4;85;78,6
;15:10:37;;11,7;11,4;88;87,6
;15:10:38;;11,9;11,7;77,1;91,5
;15:10:39;;11,5;13,1;82,8;66,2
;15:10:40;;12,1;12,3;83,4;67,9
;15:10:41;;12,3;11,3;84;89
;15:10:42;;11,9;12,8;76,1;76,3
;15:10:43;;11,5;11,3;79,2;78,3
;15:10:44;;11,5;13;76,7;86,4
;15:10:45;;11,9;13,5;83,7;86,6
;15:10:46;;12;12;81,8;92,6
;15:10:47;;11,3;13,5;86,1;90,8
;15:10:48;;11,6;12,8;81,7;119,6
;15:10:49;;11,7;12,4;73,3;101,3
;15:10:50;;11,5;11,9;87;77,8
;15:10:51;;11,5;13,6;80,7;71,5
;15:10:52;;11,5;11,2;77,9;128,3
;15:10:53;;11,8;12,4;80,7;118,9
;15:10:54;;11,5;13,5;75,4;114,8
;15:10:55;;11,9;13,2;82;82,4
;15:10:56;;11,9;13,4;75,1;84
;15:10:57;;11,7;14,6;80,2;115,7
;15:10:58;;11,4;14;78,4;107,8
;15:10:59;;11,5;13,3;77,7;93,5
;15:11:00;;11,7;13,7;77,1;90,8
;15:11:01;;12;13;81;104,7
;15:11:02;;11,6;12,6;79,1;106,3
;15:11:03;;11,6;13,5;78,6;92,1
;15:11:04;;11;12,5;84,9;97,4
;15:11:05;;11,2;14,3;83,5;118,9
;15:11:06;;11,6;12,6;74,6;88,3
;15:11:07;;11,8;11,6;73;109,3
;15:11:08;;11,7;13,5;80,9;109,4
;15:11:09;;12,1;12,4;75,4;100,5
;15:11:10;;11,4;12,9;79,4;91,5
;15:11:11;;11,9;13,6;77,9;107,2
;15:11:12;;11,9;11,3;80,5;77,9
;15:11:13;;12,2;12,8;77,6;109,2
;15:11:14;;11,4;12;89,4;114,7
;15:11:15;;11,8;12,3;78,8;70,4
;15:11:16;;11,5;12,9;82,4;76,5
;15:11:17;;11,4;13;78,6;103,6
;15:11:18;;11,7;10,7;75,5;90,2
;15:11:19;;11,3;12,2;80,6;84,4
;15:11:20;;11,8;11,7;84,4;91,9
;15:11:21;;11,8;12,4;82,5;91,5
;15:11:22;;11,2;13,1;81,6;97,7
;15:11:23;;11,3;12,6;84,9;94,4
;15:11:24;;12;11;78,1;107,6
;15:11:25;;11,8;12,7;78,2;81,9
;15:11:26;;11,5;13,8;82;97,2
;15:11:27;;11,2;12,5;81,4;108,2
;15:11:28;;11,3;13,9;74,6;93,6
;15:11:29;;11,8;13,4;76,7;93,9
;15:11:30;;11,3;14,2;78,1;93,2
;15:11:31;;11,9;12,1;75,5;105
;15:11:32;;11,5;14,4;85,2;81,7
;15:11:33;;11,6;12,5;69,2;97,2
;15:11:34;;11,6;12,3;77,5;116,1
;15:11:35;;11,2;13,2;83;90,2
;15:11:36;;11,6;13,4;82,1;78,6
;15:11:37;;11,7;15,4;82,9;108,1
;15:11:38;;11,8;12,2;78;105,6
;15:11:39;;11,9;12,6;80,5;83,5
;15:11:40;;12,1;14,2;74,9;107,6
;15:11:41;;11,5;12,5;73;96,6
;15:11:42;;12,2;12,8;75,8;88,2
;15:11:43;;11,8;12,5;82,9;91,3
;15:11:44;;11,7;12,5;75,8;111
;15:11:45;;11,3;12,7;82,6;91
;15:11:46;;11,8;12,4;80,3;107,2
;15:11:47;;11;12,7;79,2;115,9
;15:11:48;;11,2;14;80,5;124,2
;15:11:49;;11,6;13;80,7;102,5
;15:11:50;;11,5;13,9;80,7;103,7
;15:11:51;;11,9;12,3;74,2;101,9
;15:11:52;;10,9;13,7;82,1;103,7
;15:11:53;;11,3;12,8;83,2;109,7
;15:11:54;;11,7;13,3;77,8;111,3
;15:11:55;;11;13;73,5;102,4
;15:11:56;;11,4;13,2;72,5;98
;15:11:57;;11,4;14,1;80,9;110,5
;15:11:58;;11,9;13;84,9;131,9
;15:11:59;;11,3;13,2;80,7;106,5
;15:12:00;;11,4;14,4;75,7;100,4
;15:12:01;;11,4;11,4;70,2;97,7
;15:12:02;;11,4;12,6;82,7;93
;15:12:03;;11,2;13,6;80,5;98
;15:12:04;;11,3;12,6;73,2;94,9
;15:12:05;;11,2;14;83,9;82,2
;15:12:06;;11,4;13,6;79,6;104,7
;15:12:07;;11,2;13,6;80,9;105,8
;15:12:08;;11;13,3;75,5;100,4
;15:12:09;;11,1;13,1;71;117,7
;15:12:10;;11,3;12,5;81,3;89,1
;15:12:11;;11,6;13,1;78,2;97,5
;15:12:12;;11,3;13,2;77,9;112,2
;15:12:13;;11,5;11,9;76,4;91,9
;15:12:14;;11,8;12,9;75,8;90
;15:12:15;;11,5;13,9;69,9;109,4
;15:12:16;;11,3;13,8;74,6;94,1
;15:12:17;;11,6;13,2;76;85,9
;15:12:18;;11,4;13,1;77;118,1
;15:12:19;;11,4;13,2;76,4;108,3
;15:12:20;;11,4;14;71,9;113
;15:12:21;;10,8;14,1;79,9;95,6
;15:12:22;;10,7;12,5;72,5;111,7
;15:12:23;;11,1;12,9;70,7;117,1
;15:12:24;;11,2;13,4;76,3;99,5
;15:12:25;;11,2;13,5;68,9;126,5
;15:12:26;;11,1;13,9;74,1;115,3
;15:12:27;;11,9;13,4;79,1;155,8
;15:12:28;;10,8;12,8;76,5;129,1
;15:12:29;;11,1;13,9;77,5;131,2
;15:12:30;;11,6;13,7;81,3;124,7
;15:12:31;;11,7;12,7;81,8;127,9
;15:12:32;;11;15,4;77,8;131,5
;15:12:33;;11,1;13,1;77,1;105,7
;15:12:34;;11,1;13,4;72,4;88,9
;15:12:35;;11,2;14,4;69,3;92,9
;15:12:36;;11,4;13,7;79,5;102,8
;15:12:37;;11,3;14;75,2;107,2
;15:12:38;;11,1;12,9;77,7;95,7
;15:12:39;;11,5;14,4;78,2;109,4
;15:12:40;;10,8;12,7;69,7;96,3
;15:12:41;;11,2;13,5;72,9;128,3
;15:12:42;;11,1;14,1;75,6;113,9
;15:12:43;;11,7;12,5;73,6;111,8
;15:12:44;;10,7;14,1;74,7;107,9
;15:12:45;;10,8;14,9;65,7;123,4
;15:12:46;;11,1;14,5;78,4;125,9
;15:12:47;;11,3;12,8;70,3;99,2
;15:12:48;;10,8;14;73,4;134,1
;15:12:49;;11,1;13,3;70,5;105,5
;15:12:50;;11,1;13,1;73,8;96,6
;15:12:51;;10,7;13,8;65,9;119,6
;15:12:52;;11;13,2;74,8;84
;15:12:53;;10,9;16,1;69,4;120,7
;15:12:54;;11,1;12,8;76,4;108,5
;15:12:55;;11,2;13,8;72,6;122,9
;15:12:56;;11,2;15,1;78,2;102,4
;15:12:57;;11,2;12,6;76,6;102,2
;15:12:58;;11,3;14;66,2;116
;15:12:59;;11,2;14,6;68,5;126
;15:13:00;;11;13,2;66,9;115,1
;15:13:01;;11,4;14,2;74,4;116,2
;15:13:02;;11,1;13,1;68,5;104,7
;15:13:03;;11,4;13,5;71,9;119,3
;15:13:04;;11,2;14,3;76,1;117,8
;15:13:05;;11;14,2;70,1;142,7
;15:13:06;;11;13,5;70,8;126,8
;15:13:07;;11,3;14;69;131,6
;15:13:08;;11,4;15,2;78,2;104
;15:13:09;;11,2;13,8;73,2;124,9
;15:13:10;;11,6;14,9;73,5;113,7
;15:13:11;;11;13,4;72,3;116,1
;15:13:12;;11,4;13,5;69,3;122,7
;15:13:13;;11,1;14,4;75,7;126,5
;15:13:14;;11;14,3;71,2;131,4
;15:13:15;;10,9;14,1;66,9;116,8
;15:13:16;;11,1;15,1;74,4;94,9
;15:13:17;;10,9;13,5;70,7;127
;15:13:18;;11,5;15,1;72,2;107,2
;15:13:19;;10,7;13,2;71,8;123,4
;15:13:20;;10,9;14,7;75,2;111,6
;15:13:21;;11;12,9;67,7;102,6
;15:13:22;;11,1;13,7;73,1;137,4
;15:13:23;;10,3;13,7;80,5;114
;15:13:24;;10,6;12,7;69,6;129,8
;15:13:25;;10,6;15,8;72,4;117,6
;15:13:26;;11,2;14,8;65,9;124,2
;15:13:27;;11;14,4;63,2;107,2
;15:13:28;;10,8;14,2;72,3;103,7
;15:13:29;;11,2;13,8;74,7;103
;15:13:30;;10,2;14,4;73,6;111,4
;15:13:31;;10,6;15,7;72,3;121,1
;15:13:32;;11,4;13,2;71,2;144,9
;15:13:33;;11,1;12,9;70,8;123,8
;15:13:34;;11,4;15,3;69;112
;15:13:35;;11;14,8;70,3;112,4
;15:13:36;;10,8;14,2;64,7;103,3
;15:13:37;;11,3;13,5;70,2;99,9
;15:13:38;;11,1;15,5;67,8;119,5
;15:13:39;;10,7;14,4;70,4;128,7
;15:13:40;;11,2;15,2;65,7;103
;15:13:41;;10,9;14,8;66,2;99,6
;15:13:42;;11,3;13,6;65,4;94,5
;15:13:43;;10,8;14,6;67;128,1
;15:13:44;;11,2;14,1;70,5;139,7
;15:13:45;;11,2;15,2;70,9;111,4
;15:13:46;;10,7;14,6;67,2;114,3
;15:13:47;;11,3;14,1;71,3;114,8
;15:13:48;;10,8;13,6;60,8;114,7
;15:13:49;;10,4;13,8;64;123,6
;15:13:50;;10,7;14,9;65,8;120,6
;15:13:51;;10,3;13,7;67,4;134,5
;15:13:52;;10,4;15,3;74,5;118,9
;15:13:53;;10,8;14,7;71;134,7
;15:13:54;;10,7;14;72,6;132,1
;15:13:55;;11,1;14;74,2;118,3
;15:13:56;;11,1;14,5;65,3;120,6
;15:13:57;;11,1;14,5;67,7;130,5
;15:13:58;;10,2;14,8;71,7;143,8
;15:13:59;;10,3;15,5;72,4;104,7
;15:14:00;;10,7;14,8;73,5;107,8
;15:14:01;;10,3;14,7;64,7;132
;15:14:02;;11;13,9;72,4;127,4
;15:14:03;;10,7;14,1;71,2;117
;15:14:04;;10,8;14,9;72;97,4
;15:14:05;;10,7;14,1;72,6;135,7
;15:14:06;;10,6;15,3;67;124,8
;15:14:07;;10;14,4;72,9;135,3
;15:14:08;;10,4;13,2;63,1;143,2
;15:14:09;;10;16;66,2;151,8
;15:14:10;;10,9;14,9;70;158,2
;15:14:11;;11,3;14,8;69,8;141,1
;15:14:12;;11;16,2;65,2;108,6
;15:14:13;;10,2;15,1;75,3;134,3
;15:14:14;;10,8;13,8;57,3;136,8
;15:14:15;;11,5;14,3;64,8;119,2
;15:14:16;;9,7;14;66,1;102,6
;15:14:17;;11,1;15,2;68,8;153,8
;15:14:18;;11;14,7;66,2;134
;15:14:19;;10,5;13,8;63,9;128,7
;15:14:20;;11,3;15;69,6;120,7
;15:14:21;;10,5;15,7;68,7;127,4
;15:14:22;;10,9;14,2;62;145,7
;15:14:23;;10,8;12,9;71;131,2
;15:14:24;;10,9;14,1;66,9;115
;15:14:25;;10,7;16,3;68,4;137,9
;15:14:26;;11;13,5;67,6;148,8
;15:14:27;;10,1;15,7;68,1;118
;15:14:28;;10,5;15,6;71,1;135,9
;15:14:29;;10,9;14,3;63,2;136,3
;15:14:30;;10,9;15,1;62,8;126,8
;15:14:31;;10,7;14,3;67,3;108,6
;15:14:32;;10,7;12,2;73;144,8
;15:14:33;;10,9;15,4;72,9;129,5
;15:14:34;;10;15,7;70;109,3
;15:14:35;;10,8;15;62;163,9
;15:14:36;;10,3;17;63,9;152,7
;15:14:37;;10,6;15,5;70,9;114,5
;15:14:38;;9,7;14,3;75,3;133,3
;15:14:39;;10,5;15,2;69,1;120,6
;15:14:40;;10,5;15,2;61,9;129,9
;15:14:41;;10,4;14,6;59;152,8
;15:14:42;;10,3;15,6;60,5;136,5
;15:14:43;;10,2;16;59,8;134,2
;15:14:44;;10,8;14,8;65,8;141,2
;15:14:45;;10,6;15,1;68,3;154,2
;15:14:46;;10,9;15,1;69,8;115,2
;15:14:47;;10,5;15,8;61,6;147,7
;15:14:48;;10;15,9;60,9;129,8
;15:14:49;;10;15,3;59,5;159,5
;15:14:50;;10,7;15,3;68,5;159,1
;15:14:51;;10,3;14,9;66,5;124,4
;15:14:52;;11,1;13,8;63,4;136,9
;15:14:53;;9,9;15,5;67,9;136,4
;15:14:54;;10,4;15,2;55,9;133,8
;15:14:55;;10,9;14,3;72;121,9
;15:14:56;;10,6;15,9;63,2;126,8
;15:14:57;;10,8;14,5;70,4;146
;15:14:58;;10,4;15,8;61,3;147,8
;15:14:59;;10,4;15,3;69,3;130
;15:15:00;;10,1;14,5;64,2;111,6
;15:15:01;;10,8;16,6;57;118,9
;15:15:02;;10,2;14,4;66,9;133
;15:15:03;;10,3;14,3;66,4;150,2
;15:15:04;;10,8;15,3;67;122,1
;15:15:05;;10,6;15,6;61;117,5
;15:15:06;;9,8;14,4;65,8;127,4
;15:15:07;;10,3;15,7;63;147
;15:15:08;;10;16,5;65,6;144,6
;15:15:09;;10,6;14,6;62,8;114,3
;15:15:10;;10,3;15,2;63,2;154,8
;15:15:11;;10,1;15,5;53,1;130,6
;15:15:12;;10,7;12,9;57,5;136,2
;15:15:13;;10,2;14,3;62,8;132,2
;15:15:14;;10,2;15,5;63,7;156,2
;15:15:15;;10,5;15,8;62,8;153
;15:15:16;;9,8;16,1;62,4;137,1
;15:15:17;;11,1;15,1;60,1;147,3
;15:15:18;;10,5;13,7;63,7;138,8
;15:15:19;;10,3;15,5;66,1;153,1
;15:15:20;;10,3;15,8;63;141
;15:15:21;;10,7;16,5;66,9;124,8
;15:15:22;;10,4;15,9;57,3;129,5
;15:15:23;;10,6;15,1;66,6;143,3
;15:15:24;;10,1;14,3;61,6;140,3
;15:15:25;;10,3;16,6;70,2;119,4
;15:15:26;;9,9;14,9;62;154,1
;15:15:27;;10;14,9;65,9;151,9
;15:15:28;;11;15,4;58,7;137,2
;15:15:29;;9,6;14,3;58,3;130,8
;15:15:30;;9,9;15,5;51,8;155,8
;15:15:31;;10,6;15,6;65,1;150,3
;15:15:32;;9,6;15,9;57,5;131,6
;15:15:33;;10;16;58,1;140
;15:15:34;;9,9;14,4;68,4;157
;15:15:35;;10,8;15,4;62,3;145,2
;15:15:36;;10,1;15,9;59,9;167,9
;15:15:37;;10;16,7;59,3;126,9
;15:15:38;;10,3;15,3;56,9;158,1
;15:15:39;;10,5;15;58,2;123,2
;15:15:40;;10,5;15,5;66,1;139,3
;15:15:41;;10,2;15,8;57,4;161,3
;15:15:42;;10,5;15,8;58,4;148,6
;15:15:43;;10,2;15,1;64,2;140,1
;15:15:44;;9,7;14,6;63;131
;15:15:45;;10;17;67,5;146,5
;15:15:46;;10,5;15,1;60,4;139,7
;15:15:47;;10,3;15,3;58,4;161,4
;15:15:48;;9,8;14,8;60,2;149,2
;15:15:49;;10;16,7;63,1;136,2
;15:15:50;;10,1;15,1;62,6;150,6
;15:15:51;;10;16,2;56;134,2
;15:15:52;;10,1;15,4;47,4;155,9
;15:15:53;;10;15,5;65,5;152,1
;15:15:54;;9,9;15,8;64,1;160,4
;15:15:55;;10;15,3;60,6;130,5
;15:15:56;;9,5;14,9;61,7;160,2
;15:15:57;;9,7;16,4;63,5;131,9
;15:15:58;;10,1;15,9;49,1;136,2
;15:15:59;;9,6;15,8;59,5;151,7
;15:16:00;;10,1;15,2;48,9;153
;15:16:01;;9,7;15,5;56,6;144,9
;15:16:02;;10;16,9;57,3;123,1
;15:16:03;;9,7;14,3;53,3;151,8
;15:16:04;;9,5;16,8;52,9;125,2
;15:16:05;;10;14,5;49,7;145,4
;15:16:06;;9,6;15,4;48,6;161,8
;15:16:07;;9,8;16,1;52;152,5
;15:16:08;;9,8;15;52,3;157
;15:16:09;;9,5;15,3;58,8;149,6
;15:16:10;;9,9;17,3;59,3;162,1
;15:16:11;;10,3;16,6;51,2;167,9
;15:16:12;;9,3;16,6;56,2;149,2
;15:16:13;;9,2;15,8;55,9;143,2
;15:16:14;;10,5;16,1;60,6;179,5
;15:16:15;;9,4;15,9;61,2;148
;15:16:16;;9,7;14,6;57,8;145,5
;15:16:17;;10,2;15,1;61;178,8
;15:16:18;;9,9;15,7;54,6;180,1
;15:16:19;;9,8;15,9;58,6;172,6
;15:16:20;;9,9;15,9;61,9;147,5
;15:16:21;;9,6;15,8;60,5;169,1
;15:16:22;;10;15,8;54,8;166,2
;15:16:23;;9,5;17,1;49,9;163,1
;15:16:24;;9,5;17,1;57,3;155,6
;15:16:25;;9,4;16,2;60,1;149,6
;15:16:26;;10,3;16,5;57,3;134,6
;15:16:27;;10,3;17;63,5;159,4
;15:16:28;;9,6;15,9;55,2;185
;15:16:29;;9,2;16,4;54,1;149,9
;15:16:30;;9,3;15,3;52,1;144,6
;15:16:31;;9,6;17,8;52,4;162,5
;15:16:32;;9;16,4;48,2;168,9
;15:16:33;;8,9;16,9;51,2;149,3
;15:16:34;;9,5;15,7;50,2;119,8
;15:16:35;;9,4;15,6;49,7;152
;15:16:36;;9,3;15,3;53,2;163,5
;15:16:37;;9,3;16,4;61,6;121
;15:16:38;;9,5;16,4;54;144,1
;15:16:39;;9,7;17;52;150,9
;15:16:40;;9,8;16,4;58,9;182,8
;15:16:41;;10,2;15,7;52,9;172,1
;15:16:42;;9,3;16,1;55,1;160,2
;15:16:43;;10,1;17,5;55,3;151,7
;15:16:44;;8,2;18,4;54,2;161,8
;15:16:45;;9,1;15,6;54,7;166,2
;15:16:46;;10,3;15,3;49,6;167,7
;15:16:47;;9,1;14,2;56,5;179,3
;15:16:48;;9,6;15,9;54,2;162,3
;15:16:49;;8,9;17,3;44,2;174,4
;15:16:50;;8,9;17;43,5;170
;15:16:51;;9,5;16,9;52;171,1
;15:16:52;;9,5;16,5;45,6;148,5
;15:16:53;;8,6;18,1;59,9;155,3
;15:16:54;;9,1;18;56,4;154,9
;15:16:55;;9,6;17,1;52,6;168
;15:16:56;;8,6;15,9;55,2;163,1
;15:16:57;;9,3;18,3;48,2;156,5
;15:16:58;;9,2;16,1;39,2;165,6
;15:16:59;;9,1;16,6;47,7;168,6
;15:17:00;;9,6;16,7;43,9;147,4
;15:17:01;;9,7;17,7;43,5;173,1
;15:17:02;;8,3;16,9;56,2;159
;15:17:03;;9,4;17,2;49,4;174,6
;15:17:04;;8,8;17;46,4;156,3
;15:17:05;;9,4;17;41,5;162,6
;15:17:06;;9;16,4;52;152,5
;15:17:07;;9,1;16,3;48,4;150,2
;15:17:08;;9,4;16,3;48,5;156,9
;15:17:09;;8,9;17,4;47,5;178,8
;15:17:10;;9,1;15,9;45,8;143,8
;15:17:11;;9;17,5;44,9;180,1
;15:17:12;;8,9;16;42,2;162,3
;15:17:13;;8,9;16,6;45,6;160,2
;15:17:14;;9,5;15,7;53,4;164,7
;15:17:15;;9,7;16,3;46;162,5
;15:17:16;;9,2;16,6;52,2;175,3
;15:17:17;;8,7;17,4;46,6;180,1
;15:17:18;;9,5;16,6;52;163,8
;15:17:19;;9,6;16,3;47,2;186,1
;15:17:20;;9,5;15,9;46;170,8
;15:17:21;;9,6;16,7;47,4;184,8
;15:17:22;;8,8;17,7;44,5;165,2
;15:17:23;;8,2;18;41,7;176,9
;15:17:24;;8,7;17,1;44,5;173,7
;15:17:25;;8,5;16,8;48,9;188,8
;15:17:26;;8,8;17;47,1;174
;15:17:27;;8,7;16,7;44,4;179,8
;15:17:28;;8,6;17,1;45;169,2
;15:17:29;;8,9;16;43,8;166,1
;15:17:30;;9,1;16,1;40,3;179,5
;15:17:31;;8,2;16;45,5;180,3
;15:17:32;;8,5;17,7;40,4;183,4
;15:17:33;;8,9;16,4;41,3;181,7
;15:17:34;;9,2;16,4;42,4;174,1
;15:17:35;;9,5;16,4;34,7;195,1
;15:17:36;;9;16,4;52,5;186,7
;15:17:37;;8,8;16,2;47,4;138,9
;15:17:38;;8,9;18,8;47,7;153,8
;15:17:39;;8,8;16;42;187,4
;15:17:40;;9,2;17,4;41,2;154,9
;15:17:41;;8,2;16,6;44,3;185
;15:17:42;;8,7;16,8;44,4;178,4
;15:17:43;;8,8;17,5;42,7;180,3
;15:17:44;;8,4;16,5;46,1;129,4
;15:17:45;;8,6;17,6;40;138,5
;15:17:46;;8,1;16,6;43,9;171,9
;15:17:47;;8,4;15,5;47,7;161,3
;15:17:48;;8,6;18,3;43,8;174,2
;15:17:49;;8,5;17,7;45,7;171,9
;15:17:50;;8,1;16,6;47,8;152,5
;15:17:51;;8,6;17,1;40,5;184,7
;15:17:52;;8,8;16,5;42,1;178,9
;15:17:53;;8,2;18,7;42,3;176,2
;15:17:54;;8,5;18;41,2;193,1
;15:17:55;;8,3;18,6;37,1;184,4
;15:17:56;;8,2;17;42,6;164,3
;15:17:57;;8,1;18,5;32,9;176,3
;15:17:58;;8,4;17,6;35,5;188,9
;15:17:59;;8,6;17,6;40,3;201,8
;15:18:00;;8,9;18;46,9;181,5
;15:18:01;;8,8;16,7;38,4;184,2
;15:18:02;;8,2;17,8;41,3;157
;15:18:03;;8,6;17,9;41,8;186,3
;15:18:04;;8;17,5;40;173,4
;15:18:05;;8,5;18;43,6;181
;15:18:06;;8,9;17,3;46,7;171,9
;15:18:07;;8,1;18,7;43,8;184,9
;15:18:08;;8,4;17;44,2;189,7
;15:18:09;;8,5;16,6;33,9;194,3
;15:18:10;;8,4;16,4;40;177,1
;15:18:11;;8,2;16,5;42,4;176,7
;15:18:12;;7,8;18;38,1;193
;15:18:13;;8,5;17,6;45;174
;15:18:14;;8,3;17,5;37,4;177,5
;15:18:15;;8,5;17,3;37,9;177
;15:18:16;;8,7;18;46,7;170,8
;15:18:17;;7,9;15,7;39,9;185,6
;15:18:18;;8,6;17,7;39,9;151,9
;15:18:19;;8,3;17,4;40,8;171,4
;15:18:20;;8,2;16,8;36,3;185,9
;15:18:21;;7,8;17,6;37,7;179,5
;15:18:22;;7,7;17,8;47,5;181,4
;15:18:23;;8;17,9;42,9;157,7
;15:18:24;;8,6;16,5;38,6;190,6
;15:18:25;;8,4;17,1;41,1;203,4
;15:18:26;;8,4;18;37,5;176,8
;15:18:27;;8,6;18,3;39,6;206,8
;15:18:28;;8,8;18,4;42,4;183,9
;15:18:29;;7,8;19,1;31;180,3
;15:18:30;;8,2;17,5;40,3;217,6
;15:18:31;;8,4;19;35,1;191,2
;15:18:32;;7,5;17,9;35,1;193
;15:18:33;;8,3;18,5;32,1;199
;15:18:34;;7,5;16,9;33,7;200,4
;15:18:35;;7,5;17,7;33,4;189,6
;15:18:36;;7,8;18,5;39,4;198,6
;15:18:37;;7,6;18,4;39,3;183,9
;15:18:38;;7,8;17,2;35,1;216,9
;15:18:39;;7,7;17,7;41,7;206,8
;15:18:40;;7,8;17,9;39;199,3
;15:18:41;;8,2;18,5;35,5;207,9
;15:18:42;;8,2;16,6;37,8;162,3
;15:18:43;;7,4;18,3;34,5;163,5
;15:18:44;;7,3;17,9;40,1;195,4
;15:18:45;;7,8;17,3;32,5;186,8
;15:18:46;;7,5;16,7;43,4;194,1
;15:18:47;;7,5;17,6;34,1;164,4
;15:18:48;;7,8;18,7;35,7;192
;15:18:49;;8,1;18,6;33,2;194,4
;15:18:50;;8;17,9;42,8;183,7
;15:18:51;;7,9;18,7;35,5;193,4
;15:18:52;;8,3;18,5;42,9;193,2
;15:18:53;;7,8;18,5;34;173,7
;15:18:54;;7,9;19;36;195,3
;15:18:55;;8,2;18,4;33;163,6
;15:18:56;;8;19,3;37,1;208,8
;15:18:57;;7,5;19;32,4;192,5
;15:18:58;;8,3;19,5;35,9;205,2
;15:18:59;;7,2;18,4;36,1;193,6
;15:19:00;;7,4;18,7;28,6;209,2
;15:19:01;;7,5;17,9;35,2;246,2
;15:19:02;;7,2;18;30,8;191,9
;15:19:03;;7,9;18;27,5;226,7
;15:19:04;;7,2;18,7;29,6;177,6
;15:19:05;;7,4;18,3;36;195
;15:19:06;;7,2;17,6;31,5;201
;15:19:07;;7;18,5;32,2;206,1
;15:19:08;;7,5;18,5;35;186,8
;15:19:09;;6,9;18,1;34,6;202,7
;15:19:10;;7,7;18,7;29,3;201,8
;15:19:11;;6,8;19,2;31,6;189,6
;15:19:12;;7,6;17,9;28,2;194,4
;15:19:13;;7,6;18,5;35,5;187,7
;15:19:14;;8,4;19,2;29,7;225,1
;15:19:15;;7,6;18;27,5;225
;15:19:16;;7,4;18,5;34,6;186,7
;15:19:17;;7;18,9;29,1;220,8
;15:19:18;;7,4;17,6;31,7;222,7
;15:19:19;;7,3;17,3;36;208
;15:19:20;;7,9;19,1;36;218,1
;15:19:21;;7,4;18,6;27;214,2
;15:19:22;;6,9;18,9;28;223,9
;15:19:23;;7,5;18,6;27,8;216,5
;15:19:24;;7,2;19,2;27,6;213,5
;15:19:25;;7;19,2;36,3;224,8
;15:19:26;;7,1;18,4;32,6;206,5
;15:19:27;;6,6;18,7;29,7;213,6
;15:19:28;;6,7;18,1;27,3;211,5
;15:19:29;;7;19,8;27,4;220,6
;15:19:30;;7,6;18,7;28,7;217,3
;15:19:31;;7;19,5;34,5;212,6
;15:19:32;;7,4;19,1;35,2;205,3
;15:19:33;;6,1;19;29,9;199,4
;15:19:34;;6,6;19,1;31,1;218,6
;15:19:35;;7;18,7;27,6;227,3
;15:19:36;;7,1;19,7;28,7;213,2
;15:19:37;;7,4;19,8;24,1;230
;15:19:38;;6,3;19,5;29,7;194,3
;15:19:39;;7;19,7;27,7;229,7
;15:19:40;;7,5;18,2;27,9;235,3
;15:19:41;;7,9;17,2;25,7;206,4
;15:19:42;;7,5;18,7;30,5;201,4
;15:19:43;;7,2;19,5;34,4;205,3
;15:19:44;;7,1;19,4;30,2;225
;15:19:45;;7,4;19,4;31,9;229,6
;15:19:46;;6,8;18,6;25,1;222,8
;15:19:47;;6,8;18,5;31,5;226,7
;15:19:48;;7,3;19;33,8;198
;15:19:49;;7;20,3;27;206,1
;15:19:50;;6,6;20;29,6;242
;15:19:51;;7,2;18,5;32,4;240,9
;15:19:52;;6,7;18,5;27,1;232,8
;15:19:53;;6,4;19,2;21,8;220,3
;15:19:54;;7,2;19,2;25,7;214,3
;15:19:55;;7,1;19,2;26,9;240,9
;15:19:56;;7,2;19,7;28,6;232,8
;15:19:57;;6,4;19,5;27,6;216,6
;15:19:58;;7,1;19,1;33,4;227,6
;15:19:59;;6,1;20;26,4;221,5
;15:20:00;;7,2;19,5;23,1;223,3
;15:20:01;;6,3;19,2;25,7;227,5
;15:20:02;;7;20;23;218,5
;15:20:03;;7;19,4;24,9;239,6
;15:20:04;;7,2;19,7;27,6;221,9
;15:20:05;;6,9;19,8;28;245,4
;15:20:06;;6,6;19,5;25,4;240,5
;15:20:07;;7;19,2;21,2;245
;15:20:08;;7,4;19,7;23,8;219,6
;15:20:09;;6,9;20,2;27,1;228,3
;15:20:10;;7,1;20,6;28;207
;15:20:11;;6,5;19,9;20,9;220,8
;15:20:12;;6,2;19,8;24,9;249,4
;15:20:13;;6,7;20,2;20,2;225,3
;15:20:14;;6,5;20,3;20,7;251,9
;15:20:15;;7;20,1;16,7;226,4
;15:20:16;;7;19,9;23;230
;15:20:17;;7;20,1;22,8;255,2
;15:20:18;;6,5;19,9;25,8;254,1
;15:20:19;;6,8;20;18,6;249,7
;15:20:20;;5,5;20,2;25,4;231,8
;15:20:21;;7,2;19,8;22,9;247
;15:20:22;;6,9;20,1;23,7;231,7
;15:20:23;;5,9;20,2;25,4;221
;15:20:24;;6,5;20,3;26,6;219,2
;15:20:25;;6,4;20,1;24,7;244,3
;15:20:26;;6,8;20;23,8;223,3
;15:20:27;;6,1;19,2;19,9;248,7
;15:20:28;;6,1;20,2;20,1;234,8
;15:20:29;;6,8;19,8;16,2;265,1
;15:20:30;;5,8;20,6;23,7;234,6
;15:20:31;;6,9;20,4;25,2;255,3
;15:20:32;;7,3;19,2;29,7;248,6
;15:20:33;;6,7;19,9;23,6;242
;15:20:34;;6,4;20;21,5;242,5
;15:20:35;;5,7;20,4;20,3;247,7
;15:20:36;;6,3;20,1;24,4;258,6
;15:20:37;;6,7;19,8;22,2;249,3
;15:20:38;;6,1;19,8;20,6;237,8
;15:20:39;;6,2;20;18,9;223,1
;15:20:40;;5,7;20;22,1;261,9
;15:20:41;;5,8;20,2;25,2;257,4
;15:20:42;;5,7;21,1;23,5;261,8
;15:20:43;;5,9;20,3;23,2;237,5
;15:20:44;;6,2;21,1;21,8;227,2
;15:20:45;;6,1;21;15,4;256,8
;15:20:46;;5,7;19,8;18,2;260,8
;15:20:47;;5,8;21,1;20,6;236,8
;15:20:48;;5,6;21,8;13,2;246,8
;15:20:49;;5,8;21,7;21,8;246
;15:20:50;;5,8;20,8;12,6;272,4
;15:20:51;;6;21,1;20,3;241,7
;15:20:52;;5,9;21,1;23,4;269,3
;15:20:53;;6,5;19,5;26,5;263,6
;15:20:54;;5,4;20,6;20,1;254,1
;15:20:55;;5,8;20,3;22,1;262,1
;15:20:56;;6;20,7;14,4;246,5
;15:20:57;;5,1;20,3;28,3;242
;15:20:58;;5,6;20,6;20,7;259,7
;15:20:59;;6,2;19,8;22,2;258,2
;15:21:00;;5,3;20;11,5;264,3
;15:21:01;;5,8;19,7;18,2;257,7
;15:21:02;;6,4;21,3;16,8;248,9
;15:21:03;;6,7;21,3;12,5;249
;15:21:04;;5,6;21;20,7;245,2
;15:21:05;;5,4;21;15,9;273,7
;15:21:06;;5,1;21;13,2;279,6
;15:21:07;;4,7;21,1;17,3;273,6
;15:21:08;;5,8;21,6;15,1;289
;15:21:09;;5;22,1;14,4;259,6
;15:21:10;;5,1;20,6;18,5;281
;15:21:11;;5,3;20,5;12,8;263,5
;15:21:12;;5,1;21,6;13,6;262,4
;15:21:13;;5,4;21,7;12,6;262,4
;15:21:14;;6,5;21,2;15,2;258,8
;15:21:15;;4;20,5;19,6;256,6
;15:21:16;;5,8;21,8;14,1;240,7
;15:21:17;;6;21,7;19;266,6
;15:21:18;;5,7;21,6;19,2;266,9
;15:21:19;;6,1;21;19,3;259,1
;15:21:20;;5,1;20,7;14,8;261,5
;15:21:21;;4;20,6;21,3;259,2
;15:21:22;;5,4;22;12,3;295,3
;15:21:23;;5,4;21,6;10,7;264,9
;15:21:24;;5,5;20,9;20,4;262,7
;15:21:25;;6,1;21;19,2;274
;15:21:26;;5,1;21,1;15,9;282,4
;15:21:27;;5,7;21,5;15,9;249
;15:21:28;;5,2;20,9;9,1;282,3
;15:21:29;;4,3;21,7;21;275,8
;15:21:30;;4,3;21,4;11,3;248,4
;15:21:31;;4,8;21,9;17,9;276,7
;15:21:32;;3,7;22,9;14,6;272,1
;15:21:33;;4,7;22,2;12,3;279,3
;15:21:34;;5,5;22,2;6,7;283,1
;15:21:35;;5,1;22;11,1;272,5
;15:21:36;;5,2;21;16,2;304,1
;15:21:37;;3,6;21,5;11,3;270,3
;15:21:38;;5,1;21,5;12,9;275,9
;15:21:39;;4,5;22,5;15,1;290,3
;15:21:40;;5,7;20,9;16,3;304,7
;15:21:41;;5,1;21,6;7,9;261,9
;15:21:42;;4,5;21,4;15,7;263,6
;15:21:43;;5,2;21,5;16;286,4
;15:21:44;;5,8;22;15,8;299,9
;15:21:45;;4,6;21,4;15,3;272,4
;15:21:46;;4,6;22,1;17;273,9
;15:21:47;;4,1;22,5;10,1;284,5
;15:21:48;;5;21,8;8,9;273,8
;15:21:49;;4,1;21,7;26,1;278,7
;15:21:50;;4,6;22;11,7;286,3
;15:21:51;;2,9;22;13,4;271,2
;15:21:52;;4,1;22,1;17;272,5
;15:21:53;;5,2;21,4;18,5;269,6
;15:21:54;;4,2;21,2;15,7;293,1
;15:21:55;;4,6;21,8;17,3;269,7
;15:21:56;;5,5;21,1;9,9;286,7
;15:21:57;;4,9;22,6;15,1;283,1
;15:21:58;;4,6;21,2;8,5;277,8
;15:21:59;;4,7;21,9;23,5;282,8
;15:22:00;;5,3;21,2;10,3;277,3
;15:22:01;;3,8;22,1;14;293,1
;15:22:02;;5,1;22,8;9,5;274,2
;15:22:03;;5;22,5;12,8;292,7
;15:22:04;;4,4;22,5;6,7;309,2
;15:22:05;;4,5;22,8;0,6;294,1
;15:22:06;;5,6;22,2;5,9;289,1
;15:22:07;;5,3;22;9,5;292,4
;15:22:08;;5,5;22;11,6;294,1
;15:22:09;;4,5;22,7;11,4;287,6
;15:22:10;;4,7;21,9;5,5;291,9
;15:22:11;;4,6;22;14,2;300,7
;15:22:12;;1,1;22,6;5;270,8
;15:22:13;;3,6;22,6;14,8;285
;15:22:14;;5,3;22,7;11;292,4
;15:22:15;;4,6;22,7;7,9;287,6
;15:22:16;;4,1;22,6;9,5;299,5
;15:22:17;;2,1;22,7;7,3;313,6
;15:22:18;;5;22,9;5,7;285,9
;15:22:19;;4,8;23;10,8;287
;15:22:20;;5;21,2;7;300,1
;15:22:21;;3,2;21,6;10;299,2
;15:22:22;;4;22,1;9;299,6
;15:22:23;;3,7;22;12,9;279,9
;15:22:24;;3,9;22,8;10,9;285,4
;15:22:25;;5,1;21,7;12,9;314,9
;15:22:26;;4,2;22,7;8,4;303,2
;15:22:27;;5,2;22,2;9,9;299,4
;15:22:28;;4,4;22,2;4,8;283,1
;15:22:29;;4,1;22,4;6,1;292
;15:22:30;;3,7;22,2;13,7;312,8
;15:22:31;;4,4;22,3;7,3;284,2
;15:22:32;;5,1;22;12;284,9
;15:22:33;;3,7;22,9;10,2;297,6
;15:22:34;;4,8;22,4;10,3;301
;15:22:35;;4,6;22,4;7,6;302,4
;15:22:36;;3,7;22,6;13,7;281,1
;15:22:37;;4,6;22,3;13,8;290,4
;15:22:38;;4,2;22,2;12,8;283,8
;15:22:39;;3,1;22,2;12,9;301,1
;15:22:40;;4,6;21,7;9,7;296,3
;15:22:41;;3,2;23,2;7;296,3
;15:22:42;;4,3;22,5;11;295
;15:22:43;;4,2;22;1,4;321,3
;15:22:44;;2,5;22,6;9,3;298
;15:22:45;;4,8;22,1;9,9;300,7
;15:22:46;;3,9;22,1;10,2;285,8
;15:22:47;;4,9;21,8;9,5;308,7
;15:22:48;;4,4;22,2;7,4;300,2
;15:22:49;;3,8;22,3;9;298
;15:22:50;;3,8;21,8;11,5;295,1
;15:22:51;;4,2;21;10,9;322,2
;15:22:52;;4,6;22,1;19,5;315,1
;15:22:53;;3,9;22,3;12,3;323,8
;15:22:54;;4,8;21,8;15,4;302,2
;15:22:55;;3,6;22,5;10,3;294,8
;15:22:56;;3,7;22,7;8,1;325,3
;15:22:57;;2,4;22,3;6,2;296,5
;15:22:58;;4,4;23;8;296,3
;15:22:59;;4,8;22,8;8,7;289,7
;15:23:00;;4,5;22,8;4,2;293,8
;15:23:01;;2,6;23;4,8;287
;15:23:02;;4,8;22,5;11,5;297,9
;15:23:03;;4,5;22,6;14;305,4
;15:23:04;;4,6;23,2;19,3;306,1
;15:23:05;;4,7;23,2;10,7;283,1
;15:23:06;;2,3;22,6;9,7;312,1
;15:23:07;;4,7;22,5;12,9;297,6
;15:23:08;;3,5;22,8;10,4;294,6
;15:23:09;;5;21,7;10,5;330,5
;15:23:10;;3,4;22,7;3,5;302,2
;15:23:11;;3,9;22,8;10,6;299
;15:23:12;;3,7;22,6;10,5;335,7
;15:23:13;;4,4;22,8;13,2;289,4
;15:23:14;;3,8;21,8;15,9;302,6
;15:23:15;;6,1;22,9;8,7;291,2
;15:23:16;;3,5;22,7;4,3;284,9
;15:23:17;;4;23,1;8,4;288,2
;15:23:18;;3,4;22,6;15,7;304,6
;15:23:19;;3,5;22,1;12,9;314,3
;15:23:20;;4,1;22,3;6;290,2
;15:23:21;;3,6;22,4;7,6;309,6
;15:23:22;;5;22,7;6,7;294,2
;15:23:23;;4,5;22,8;12,7;302,2
;15:23:24;;4,5;23,2;5,6;296
;15:23:25;;2,7;22,7;8,4;319,7
;15:23:26;;3,9;22,4;8,1;307,1
;15:23:27;;3,5;23,5;5,2;284,5
;15:23:28;;3,6;23,3;1,6;327,6
;15:23:29;;4,7;23;12,3;319,4
;15:23:30;;2,9;23,3;5,6;317,1
;15:23:31;;2,4;23,2;17,4;304,1
;15:23:32;;4,6;22,4;6,6;297,9
;15:23:33;;3,3;23,6;-0,1;311,4
;15:23:34;;4,4;22,6;12,9;307,2
;15:23:35;;2,7;23,1;6,8;319,6
;15:23:36;;3,4;22,3;5,1;313,8
;15:23:37;;3,5;23,1;-1;323,9
;15:23:38;;3,6;22,7;13,7;292,7
;15:23:39;;4;22,7;7,4;337,2
;15:23:40;;-4,5;23,3;2,2;314,1
;15:23:41;;2,8;23,1;7;309,7
;15:23:42;;4,3;23,3;6,7;315,6
;15:23:43;;3,6;22,5;13,2;312,5
;15:23:44;;3,8;23,4;4,5;313,6
;15:23:45;;2,4;23,3;12,9;317,1
;15:23:46;;4,6;23;5,8;315,8
;15:23:47;;1,9;23;6,8;319,2
;15:23:48;;1,2;23,2;7,9;331,8
;15:23:49;;4,4;22,6;1,8;311,2
;15:23:50;;1,7;23;4,3;323,8
;15:23:51;;3,2;23,2;9,5;316
;15:23:52;;4,2;22,6;8,3;317,6
;15:23:53;;4,7;23,1;7,6;307,4
;15:23:54;;4;23,1;9,3;308,2
;15:23:55;;3,7;22,9;7;317,7
;15:23:56;;4,2;23,8;0;305,4
;15:23:57;;3,8;22,7;3,6;340,5
;15:23:58;;4,1;22,9;0,6;320,2
;15:23:59;;4,5;23,6;-0,1;322,4
;15:24:00;;3,7;23,4;-3,6;348,5
;15:24:01;;3,9;23,3;10,5;326,6
;15:24:02;;5,3;22,6;8,4;336,3
;15:24:03;;2,6;22,9;1,2;317,4
;15:24:04;;1,7;23,4;-5;319,7
;15:24:05;;3,6;23,4;-0,5;331,4
;15:24:06;;-0,3;23,3;3,6;312,6
;15:24:07;;-5,3;22,6;2,5;340,3
;15:24:08;;3;23,4;3,9;295,5
;15:24:09;;1;23,1;6,9;338,3
;15:24:10;;3,5;23,1;-1,6;325,8
;15:24:11;;2,6;22,6;3,1;338,3
;15:24:12;;0,8;23,1;5,4;329,4
;15:24:13;;2,3;23,4;12,3;314,4
;15:24:14;;2,7;23,9;8,4;324,4
;15:24:15;;2,7;23,6;6,1;320,5
;15:24:16;;3,1;23,7;1,9;300,6
;15:24:17;;4;23;3,4;325,3
;15:24:18;;4,5;22,9;6,9;325,7
;15:24:19;;1,9;22,9;-0,5;303,7
;15:24:20;;5;23,1;4,1;323,7
;15:24:21;;2,4;23,9;5,7;334,7
;15:24:22;;-5,6;24;7,4;327,8
;15:24:23;;3;23,5;2;342,5
;15:24:24;;2,1;23,2;11,2;336,1
;15:24:25;;3,8;23,4;1,2;345,6
;15:24:26;;2,1;23,9;-6,5;346,7
;15:24:27;;3,3;23,6;7,4;323,3
;15:24:28;;4,1;23,3;2,9;332,3
;15:24:29;;4,7;23,6;-2,4;336,4
;15:24:30;;3;23,3;-2,9;333,4
;15:24:31;;-12,1;23,6;7,5;318,2
;15:24:32;;2,3;23,2;3,7;328,1
;15:24:33;;-3,1;23,5;4,5;336,1
;15:24:34;;-6,9;23,7;-1,5;325,2
;15:24:35;;0,7;23,4;-0,8;335,7
;15:24:36;;3,5;23,3;-1,7;339,6
;15:24:37;;1,4;23,5;7,4;318,2
;15:24:38;;4,1;23,1;1,1;334,2
;15:24:39;;3,1;22,9;0,1;341,2
;15:24:40;;2,9;23,3;1,7;304,4
;15:24:41;;4,2;23,8;-0,5;322,2
;15:24:42;;2,4;24;7,9;326,1
;15:24:43;;2,3;23,7;10,4;333
;15:24:44;;3,5;23,5;5,6;319,9
;15:24:45;;3,4;23,8;3,9;312,7
;15:24:46;;3;23,2;-1,6;329,7
;15:24:47;;3,2;23,3;7,9;329,5
;15:24:48;;3,2;23,3;0,1;337,2
;15:24:49;;4,9;23,1;6,3;310,8
;15:24:50;;-3,2;24,4;2,1;336,1
;15:24:51;;-2,6;24,3;0,1;351,1
;15:24:52;;1,9;23,9;-6,6;327,6
;15:24:53;;3;23,8;-1,1;361
;15:24:54;;3,1;23,5;4,1;332
;15:24:55;;-6,9;24,3;5;331,9
;15:24:56;;-16,8;24,5;0,6;335
;15:24:57;;-4,1;23,8;-7,5;339,6
;15:24:58;;-4,7;23,6;1;325
;15:24:59;;-9,9;23,4;0,6;338,3
;15:25:00;;2,5;24,2;3;335,7
;15:25:01;;3,7;23,7;-0,8;346,7
;15:25:02;;-6,3;24,2;-0,1;325,2
;15:25:03;;2,7;23,9;-1,1;350,4
;15:25:04;;2,5;23,9;6,4;350,4
;15:25:05;;-4,8;23,9;2,6;331,6
;15:25:06;;1,5;23,9;3,9;329,4
;15:25:07;;1,8;23,8;5,2;346,7
;15:25:08;;3,5;23,9;-1,8;328,1
;15:25:09;;3,4;23,6;5,4;349,5
;15:25:10;;2,7;24,1;1,4;350,6
;15:25:11;;2;24;2,7;347,8
;15:25:12;;1,1;23,6;0,6;347,3
;15:25:13;;-2,7;23,8;-1,1;344,4
;15:25:14;;3,9;23,7;6,3;348,2
;15:25:15;;1,8;23,9;-0,6;345,9
;15:25:16;;2;24,2;3,4;336,7
;15:25:17;;3,4;23,8;5,9;345,6
;15:25:18;;2,3;24;2,9;331,8
;15:25:19;;3,9;24,3;4,3;341,2
;15:25:20;;2,4;23,5;1,1;338,6
;15:25:21;;1,8;23,8;7,3;347,6
;15:25:22;;-3,5;24,4;-1,6;355,1
;15:25:23;;2,3;24,4;3,5;348,1
;15:25:24;;2,1;24,2;7,2;334,2
;15:25:25;;2,5;23,9;6,3;342,4
;15:25:26;;2,8;23,9;5,5;347,4
;15:25:27;;3,2;23,6;7,4;332,5
;15:25:28;;2,3;23,7;6,2;333,3
;15:25:29;;2,6;23,8;1,1;352,9
;15:25:30;;2,4;24;-1;341,1
;15:25:31;;-9,8;23,8;11,7;339,5
;15:25:32;;2;24,1;6,1;334,2
;15:25:33;;1,2;24,3;-5,7;345,1
;15:25:34;;3,2;23,3;-2,9;347,5
;15:25:35;;-3,1;24,4;4,1;340,3
;15:25:36;;3,1;23,6;-2,1;357,5
;15:25:37;;2,1;23,4;4,1;346,5
;15:25:38;;1,9;24,1;-3,3;340,7
;15:25:39;;1,5;24,4;-1,1;336,7
;15:25:40;;2,9;23,8;-1,4;350
;15:25:41;;-0,3;24,4;0,9;341,5
;15:25:42;;2,7;23,9;-1,1;358,4
;15:25:43;;3,8;24;2;348,5
;15:25:44;;-3,5;24,6;5,3;362,9
;15:25:45;;-3,1;24,3;2,4;344,1
;15:25:46;;-7,3;24,4;-0,2;351,5
;15:25:47;;4,8;24,1;-1,2;364,2
;15:25:48;;-2,6;23,9;2,2;350,9
;15:25:49;;2,3;24,5;1,3;351,3
;15:25:50;;4,6;24,5;-4,3;351,5
;15:25:51;;3;24,4;6,7;347,6
;15:25:52;;3;24,4;1,3;355,1
;15:25:53;;1,7;24,2;3,3;351,4
;15:25:54;;-7,6;24,7;0,6;340,2
;15:25:55;;3,4;24,1;2,6;348,6
;15:25:56;;1,5;24,1;0,5;355,7
;15:25:57;;2,7;24,6;6,4;340,6
;15:25:58;;2,9;24,3;-4,2;348,2
;15:25:59;;1,7;24,2;2,2;355,3
;15:26:00;;-19,1;24,6;10,5;338,1
;15:26:01;;4;24,4;3;362,8
;15:26:02;;3,4;24,3;2,9;356,5
;15:26:03;;2,6;23,9;-2,2;345,5
;15:26:04;;1,6;24;2,7;356
;15:26:05;;2,4;24,5;4,3;351,1
;15:26:06;;1,7;23,6;-1,5;346,6
;15:26:07;;2,6;23,9;4;348,6
;15:26:08;;4,4;24;5,9;349,4
;15:26:09;;3,5;24,2;-0,1;352,1
;15:26:10;;-7,3;24,2;5,2;341,5
;15:26:11;;3,4;24,4;-4,9;343,2
;15:26:12;;2,7;24;2,9;350,9
;15:26:13;;-3,6;24,5;5,9;343,6
;15:26:14;;3,9;24,2;-2,1;361,7
;15:26:15;;0,6;24,5;2,1;357,1
;15:26:16;;1,6;24,5;-1,1;348,1
;15:26:17;;1,6;24,8;-4;349
;15:26:18;;1,4;24,5;0,3;351,8
;15:26:19;;2,4;24,3;0,5;354,1
;15:26:20;;3,5;24,6;5,6;348,7
;15:26:21;;-1,8;24,7;0,3;354,4
;15:26:22;;3,6;24,4;-0,1;353,1
;15:26:23;;2,7;24,3;3;336,7
;15:26:24;;2,5;24,9;5,5;357,3
;15:26:25;;-2,2;24,7;2,1;360
;15:26:26;;4,3;24,2;-0,6;340,6
;15:26:27;;2,2;24,2;3,7;347,3
;15:26:28;;-2,6;24,6;-2,2;347,8
;15:26:29;;1,8;24,2;-2,6;357,3
;15:26:30;;3;24,2;-1,8;350,2
;15:26:31;;-14,5;24,2;6,3;340,6
;15:26:32;;3,4;24,4;1,7;346,2
;15:26:33;;-7,8;24,5;4,2;356,2
;15:26:34;;-1,3;24,4;-2,7;339,7
;15:26:35;;2,7;24;15,1;350,6
;15:26:36;;1,8;24,5;8,9;346,3
;15:26:37;;3,5;24,1;0,9;351,8
;15:26:38;;3,5;24,1;-3,7;353,2
;15:26:39;;-1,1;24,6;1,4;363,2
;15:26:40;;-3,9;24,3;-3,4;359,9
;15:26:41;;-0,9;24,5;3,5;344,1
;15:26:42;;1,5;24,2;8,6;344,7
;15:26:43;;3,1;24,5;2,8;352,5
;15:26:44;;3,1;24,3;3;343,6
;15:26:45;;-4;24,2;10,4;349,9
;15:26:46;;1;24,4;4,5;359,4
;15:26:47;;-10,6;24,9;12,1;354,6
;15:26:48;;0,6;24,4;-0,9;352,5
;15:26:49;;1;24,9;-2,5;366,8
;15:26:50;;1,2;24,6;1,5;346
;15:26:51;;2,7;24,7;-6,7;362,5
;15:26:52;;3,9;24,3;3,3;358,3
;15:26:53;;3,1;24,7;2,6;357,1
;15:26:54;;-6,1;24,4;2,5;359,9
;15:26:55;;3;25;10,1;349,2
;15:26:56;;-14,5;24,9;10,7;347,2
;15:26:57;;-4,8;24,4;5,2;355,6
;15:26:58;;1,3;24;-13,2;347
;15:26:59;;-3;24,1;4,3;353,1
;15:27:00;;-2,3;24,5;9,4;355,3
;15:27:01;;1,4;24,7;-3,5;363,6
;15:27:02;;-7,4;24,5;1,9;358
;15:27:03;;3;24,2;0,1;357,1
;15:27:04;;3,8;24,6;2,4;349,6
;15:27:05;;0,6;24,5;-3,3;366,2
;15:27:06;;3,7;24,7;0,9;347,2
;15:27:07;;0,9;24,2;-2,2;348,4
;15:27:08;;-1,8;24,5;3;356,8
;15:27:09;;3,1;24,3;9,2;351,8
;15:27:10;;-3,8;24,4;-6,5;346,7
;15:27:11;;2,6;24,9;-6,7;356,5
;15:27:12;;3,8;24,4;1,9;359,7
;15:27:13;;4,2;24,6;-0,6;364,3
;15:27:14;;3,4;24;2,5;357,8
;15:27:15;;2,3;24,7;1,8;359,5
;15:27:16;;-6,8;24,5;-1,7;348,8
;15:27:17;;3,1;24,5;5,4;350,4
;15:27:18;;-5,2;24,5;5;371
;15:27:19;;3,2;24,8;9;362,8
;15:27:20;;-18,7;24,5;-9,2;352,8
;15:27:21;;3,6;24,8;5,2;357,4
;15:27:22;;-1,5;24,8;1,2;342,9
;15:27:23;;1,1;23,9;2,5;352,2
;15:27:24;;3,7;24,6;7;346,4
;15:27:25;;0,5;24,3;12,3;359,6
;15:27:26;;-7,4;24,9;3,7;356,2
;15:27:27;;-4,7;25;-0,1;358,4
;15:27:28;;2,3;24,7;-6,2;363
;15:27:29;;1,3;24,9;-10,1;364,3
;15:27:30;;-4,5;24,9;-0,9;362,6
;15:27:31;;-12;24,6;-2,9;361
;15:27:32;;-6,6;24,4;7;342,4
;15:27:33;;-4;24,4;-0,1;348,9
;15:27:34;;2,1;24,3;5,3;347,2
;15:27:35;;-2,7;24,8;2;352,3
;15:27:36;;2,3;24,1;-5,4;361,5
;15:27:37;;-4,9;24,6;11,6;360,1
;15:27:38;;1,2;24,2;3,7;349,9
;15:27:39;;2,7;24,4;1,1;368,2
;15:27:40;;3,5;24,6;-5,8;368,5
;15:27:41;;-3,4;24,9;-1,4;366,3
;15:27:42;;0,4;24,8;-3,7;372,4
;15:27:43;;1,3;24,5;-0,8;365
;15:27:44;;2,9;25,2;-1,3;366
;15:27:45;;-8,5;24,4;7,2;365,1
;15:27:46;;3,1;25,1;-1,7;360,4
;15:27:47;;3,8;24,4;-1,7;365,7
;15:27:48;;-0,9;25,2;-2,2;361,9
;15:27:49;;1,8;25;-1,1;351,8
;15:27:50;;-7,7;24,5;-2,2;356,5
;15:27:51;;2,2;24,7;3,4;356,2
;15:27:52;;-16;24,8;-2,2;356,8
;15:27:53;;-7,5;24,7;5,9;369,5
;15:27:54;;2,2;25;-0,1;355,7
;15:27:55;;-4,5;24,9;-0,9;366,7
;15:27:56;;-4,3;24,3;3,4;372,9
;15:27:57;;2,1;24,7;6,4;374,3
;15:27:58;;-8,3;24,9;-2,5;372,6
;15:27:59;;-6,8;24,7;-4;365
;15:28:00;;3,2;24,7;1,2;364,3
;15:28:01;;4,4;24,5;0,6;367,4
;15:28:02;;-16,1;25;-0,3;379,8
;15:28:03;;2,5;24,8;-5,6;358,2
;15:28:04;;-1,6;24,5;-1,7;377,4
;15:28:04;;-1,9;24,8;3,1;347,9
